Workbook

Sheet OUT-26
A1: UNIVERSIDADE FEDERAL DO RIO DE JANEIRO — PRÓ-REITORIA DE GESTÃO E GOVERNANÇA (PR-6)
A2: INSTRUMENTO DE MEDIÇÃO DE RESULTADO | H2: IMR Nº | I2: 01
A3: OBJETO | B3: Serviço de manutenção de áreas externas e verdes no Campus Cidade Universitária
A4: EMPRESA | B4: RODOCON CONSTRUÇÕES RODOVIÁRIAS LTDA. | F4: CONTRATO | G4: 04/2023
A5: UNIDADE | B5: PREFEITURA UNIVERSITÁRIA | F5: TERMO | G5: TERMO ADITIVO N° 06/26
A6: MÊS/ANO | B6: 46296 | F6: FISCAL
A7: Preencha as células em amarelo. Pontuação, nota e valores são calculados automaticamente.
A8: AVALIAÇÃO DOS SERVIÇOS
A9: Cód. | B9: Indicador | G9: Avaliação correspondente | H9: Pontos | I9: Peso
A10: Módulo A — QUALIDADE DOS SERVIÇOS | I10: Peso 25
A11: A.1 | B11: CONFORMIDADE DOS EQUIPAMENTOS PARA EXECUÇÃO DOS SERVIÇOS | H11: =IFERROR(VLOOKUP(G11,'Parâmetros'!$A$2:$B$4,2,FALSE),0)
A12: A.2 | B12: CONFORMIDADE DOS SERVIÇOS EXECUTADOS COM AS ESPECIFICAÇÕES TÉCNICAS | H12: =IFERROR(VLOOKUP(G12,'Parâmetros'!$A$2:$B$4,2,FALSE),0)
A13: Pontuação total do Módulo A | H13: =SUM(H11:H12)
A14: Módulo B — EQUIPE DE TRABALHO | I14: Peso 25
A15: B.1 | B15: UNIFORMIZAÇÃO E EQUIPAMENTOS DE PROTEÇÃO INDIVIDUAL | H15: =IFERROR(VLOOKUP(G15,'Parâmetros'!$A$2:$B$4,2,FALSE),0)
A16: B.2 | B16: QUALIDADE DA EQUIPE | H16: =IFERROR(VLOOKUP(G16,'Parâmetros'!$A$2:$B$4,2,FALSE),0)
A17: Pontuação total do Módulo B | H17: =SUM(H15:H16)
A18: Módulo C — CUMPRIMENTO DO CRONOGRAMA | I18: Peso 25
A19: C.1 | B19: CUMPRIMENTO DO CRONOGRAMA E DAS ATIVIDADES | H19: =IFERROR(VLOOKUP(G19,'Parâmetros'!$A$2:$B$4,2,FALSE),0)
A20: Pontuação total do Módulo C | H20: =SUM(H19:H19)
A21: TOTAL DE PONTOS | C21: =(H11+H12+H15+H16+H19)/5 | D21: NOTA OBTIDA | F21: =VLOOKUP(C21,'Parâmetros'!$D$2:$F$8,2,TRUE) | G21: % DE LIBERAÇÃO | I21: =VLOOKUP(C21,'Parâmetros'!$D$2:$F$8,3,TRUE)
A23: MÃO DE OBRA COM DEDICAÇÃO EXCLUSIVA
A24: Categoria/Cargo | C24: Postos | D24: Valor Unitário (do posto) | E24: Valor Mensal (postos × unitário) | F24: Horas Contratadas | G24: Qtd. de faltas (em horas) | H24: Valor da Hora | I24: Valor com desconto
A25: Paisagista | C25: 2 | D25: 9105.67 | E25: =C25*D25 | F25: =C25*'Parâmetros'!$I$2 | H25: =IF(F25=0,0,E25/F25) | I25: =H25*N(G25)
A26: Encarregado Geral | C26: 1 | D26: 4780.4 | E26: =C26*D26 | F26: =C26*'Parâmetros'!$I$2 | H26: =IF(F26=0,0,E26/F26) | I26: =H26*N(G26)
A27: Operador Motosserra | C27: 2 | D27: 5655.86 | E27: =C27*D27 | F27: =C27*'Parâmetros'!$I$2 | H27: =IF(F27=0,0,E27/F27) | I27: =H27*N(G27)
A28: Servente | C28: 3 | D28: 4116.24 | E28: =C28*D28 | F28: =C28*'Parâmetros'!$I$2 | H28: =IF(F28=0,0,E28/F28) | I28: =H28*N(G28)
A29: Arboricultor | C29: 1 | D29: 9243.63 | E29: =C29*D29 | F29: =C29*'Parâmetros'!$I$2 | H29: =IF(F29=0,0,E29/F29) | I29: =H29*N(G29)
A30: Jardineiro | C30: 3 | D30: 6391.83 | E30: =C30*D30 | F30: =C30*'Parâmetros'!$I$2 | H30: =IF(F30=0,0,E30/F30) | I30: =H30*N(G30)
A31: TOTAIS | C31: =SUM(C25:C30) | E31: =SUM(E25:E30) | F31: =SUM(F25:F30) | G31: =SUM(G25:G30) | I31: =SUM(I25:I30)
A33: REEMBOLSO DE CRECHE
A34: Qtde contratada | C34: Valor estimado unitário | D34: Valor retido (mensal) | E34: Reembolsos aprovados | F34: Valor por dependente | G34: Total dos reembolsos | H34: Saldo acumulado
A35: =C31 | C35: 129.29 | D35: =A35*C35 | E35: 0 | F35: 526.64 | G35: =E35*F35 | H35: =D35-G35
A36: Retido = qtde contratada × valor estimado unitário · Total = reembolsos aprovados × valor por dependente · Saldo = saldo do mês anterior + retido − total.
A38: APURAÇÃO DO VALOR A FATURAR
A39: MEDIÇÃO DOS SERVIÇOS | F39: VALOR LIBERADO PARA FATURAMENTO
A40: VALOR UNITÁRIO (planilha orçamentária) | D40: 0.69657774 | F40: Valor dos serviços
A41: Dias Trabalhados no mês | D41: 25 | F41: Percentual de liberação (nota obtida) | I41: =I21
A42: Qtde contratada (soma dos postos) | D42: =C31 | F42: Subtotal dos serviços | I42: =I40*I41
A43: Serviço de mão-de-obra (total mensal ÷ 30 × dias) | D43: =E31/'Parâmetros'!$I$3*D41 | F43: Valor do desconto (nota) | I43: =I42-I40
A44: Serviço de engenharia ((qtd × unit.) ÷ 12 − mão-de-obra) | D44: =(G50*D40)/12-D43 | F44: Valor da GLOSA de mão-de-obra (faltas) | I44: =-I31
A45: Valor mensal do contrato (qtd × unit. ÷ 12) | D45: =(G50*D40)/12 | F45: Valor total dos descontos | I45: =I43+I44
F46: Valor Reembolso de creche (não sofre desconto) | I46: =G35
F47: Valor liberado para Faturamento | I47: =I42+I44+I46
A48: 📋 INSTRUMENTO DE COBRANÇA
A49: Item | B49: Descrição | G49: Qtde Faturada | I49: Valor Unit. Faturado (R$)
A50: 1 | B50: Manutenção de áreas externas e verdes no campus da Cidade Universitária | G50: 10152713 | I50: =IF(OR(I40="",G50=0),"",I40/G50)
A51: Qtde Faturada = QTD TOTAL da planilha orçamentária · Valor Unit. Faturado = valor dos serviços ÷ Qtde Faturada.
A53: OCORRÊNCIAS OBSERVADAS EM RELAÇÃO À CONTRATADA – JUSTIFICATIVAS DA AVALIAÇÃO
A60: CIENTE DO DIRETOR DA UNIDADE | F60: CIENTE DO FISCAL DO CONTRATO
A64: DATA: | F64: DATA:

Sheet NOV-26
A1: UNIVERSIDADE FEDERAL DO RIO DE JANEIRO — PRÓ-REITORIA DE GESTÃO E GOVERNANÇA (PR-6)
A2: INSTRUMENTO DE MEDIÇÃO DE RESULTADO | H2: IMR Nº | I2: ='OUT-26'!I2
A3: OBJETO | B3: ='OUT-26'!B3
A4: EMPRESA | B4: ='OUT-26'!B4 | F4: CONTRATO | G4: ='OUT-26'!G4
A5: UNIDADE | B5: ='OUT-26'!B5 | F5: TERMO | G5: ='OUT-26'!G5
A6: MÊS/ANO | B6: =EDATE('OUT-26'!B6,1) | F6: FISCAL
A7: Preencha as células em amarelo. Pontuação, nota e valores são calculados automaticamente.
A8: AVALIAÇÃO DOS SERVIÇOS
A9: Cód. | B9: Indicador | G9: Avaliação correspondente | H9: Pontos | I9: Peso
A10: Módulo A — QUALIDADE DOS SERVIÇOS | I10: Peso 25
A11: A.1 | B11: CONFORMIDADE DOS EQUIPAMENTOS PARA EXECUÇÃO DOS SERVIÇOS | H11: =IFERROR(VLOOKUP(G11,'Parâmetros'!$A$2:$B$4,2,FALSE),0)
A12: A.2 | B12: CONFORMIDADE DOS SERVIÇOS EXECUTADOS COM AS ESPECIFICAÇÕES TÉCNICAS | H12: =IFERROR(VLOOKUP(G12,'Parâmetros'!$A$2:$B$4,2,FALSE),0)
A13: Pontuação total do Módulo A | H13: =SUM(H11:H12)
A14: Módulo B — EQUIPE DE TRABALHO | I14: Peso 25
A15: B.1 | B15: UNIFORMIZAÇÃO E EQUIPAMENTOS DE PROTEÇÃO INDIVIDUAL | H15: =IFERROR(VLOOKUP(G15,'Parâmetros'!$A$2:$B$4,2,FALSE),0)
A16: B.2 | B16: QUALIDADE DA EQUIPE | H16: =IFERROR(VLOOKUP(G16,'Parâmetros'!$A$2:$B$4,2,FALSE),0)
A17: Pontuação total do Módulo B | H17: =SUM(H15:H16)
A18: Módulo C — CUMPRIMENTO DO CRONOGRAMA | I18: Peso 25
A19: C.1 | B19: CUMPRIMENTO DO CRONOGRAMA E DAS ATIVIDADES | H19: =IFERROR(VLOOKUP(G19,'Parâmetros'!$A$2:$B$4,2,FALSE),0)
A20: Pontuação total do Módulo C | H20: =SUM(H19:H19)
A21: TOTAL DE PONTOS | C21: =(H11+H12+H15+H16+H19)/5 | D21: NOTA OBTIDA | F21: =VLOOKUP(C21,'Parâmetros'!$D$2:$F$8,2,TRUE) | G21: % DE LIBERAÇÃO | I21: =VLOOKUP(C21,'Parâmetros'!$D$2:$F$8,3,TRUE)
A23: MÃO DE OBRA COM DEDICAÇÃO EXCLUSIVA
A24: Categoria/Cargo | C24: Postos | D24: Valor Unitário (do posto) | E24: Valor Mensal (postos × unitário) | F24: Horas Contratadas | G24: Qtd. de faltas (em horas) | H24: Valor da Hora | I24: Valor com desconto
A25: ='OUT-26'!A25 | C25: ='OUT-26'!C25 | D25: ='OUT-26'!D25 | E25: =C25*D25 | F25: =C25*'Parâmetros'!$I$2 | H25: =IF(F25=0,0,E25/F25) | I25: =H25*N(G25)
A26: ='OUT-26'!A26 | C26: ='OUT-26'!C26 | D26: ='OUT-26'!D26 | E26: =C26*D26 | F26: =C26*'Parâmetros'!$I$2 | H26: =IF(F26=0,0,E26/F26) | I26: =H26*N(G26)
A27: ='OUT-26'!A27 | C27: ='OUT-26'!C27 | D27: ='OUT-26'!D27 | E27: =C27*D27 | F27: =C27*'Parâmetros'!$I$2 | H27: =IF(F27=0,0,E27/F27) | I27: =H27*N(G27)
A28: ='OUT-26'!A28 | C28: ='OUT-26'!C28 | D28: ='OUT-26'!D28 | E28: =C28*D28 | F28: =C28*'Parâmetros'!$I$2 | H28: =IF(F28=0,0,E28/F28) | I28: =H28*N(G28)
A29: ='OUT-26'!A29 | C29: ='OUT-26'!C29 | D29: ='OUT-26'!D29 | E29: =C29*D29 | F29: =C29*'Parâmetros'!$I$2 | H29: =IF(F29=0,0,E29/F29) | I29: =H29*N(G29)
A30: ='OUT-26'!A30 | C30: ='OUT-26'!C30 | D30: ='OUT-26'!D30 | E30: =C30*D30 | F30: =C30*'Parâmetros'!$I$2 | H30: =IF(F30=0,0,E30/F30) | I30: =H30*N(G30)
A31: TOTAIS | C31: =SUM(C25:C30) | E31: =SUM(E25:E30) | F31: =SUM(F25:F30) | G31: =SUM(G25:G30) | I31: =SUM(I25:I30)
A33: REEMBOLSO DE CRECHE
A34: Qtde contratada | C34: Valor estimado unitário | D34: Valor retido (mensal) | E34: Reembolsos aprovados | F34: Valor por dependente | G34: Total dos reembolsos | H34: Saldo acumulado
A35: =C31 | C35: ='OUT-26'!C35 | D35: =A35*C35 | E35: 0 | F35: ='OUT-26'!F35 | G35: =E35*F35 | H35: ='OUT-26'!H35+D35-G35
A36: Retido = qtde contratada × valor estimado unitário · Total = reembolsos aprovados × valor por dependente · Saldo = saldo do mês anterior + retido − total.
A38: APURAÇÃO DO VALOR A FATURAR
A39: MEDIÇÃO DOS SERVIÇOS | F39: VALOR LIBERADO PARA FATURAMENTO
A40: VALOR UNITÁRIO (planilha orçamentária) | D40: ='OUT-26'!D40 | F40: Valor dos serviços
A41: Dias Trabalhados no mês | D41: 25 | F41: Percentual de liberação (nota obtida) | I41: =I21
A42: Qtde contratada (soma dos postos) | D42: =C31 | F42: Subtotal dos serviços | I42: =I40*I41
A43: Serviço de mão-de-obra (total mensal ÷ 30 × dias) | D43: =E31/'Parâmetros'!$I$3*D41 | F43: Valor do desconto (nota) | I43: =I42-I40
A44: Serviço de engenharia ((qtd × unit.) ÷ 12 − mão-de-obra) | D44: =(G50*D40)/12-D43 | F44: Valor da GLOSA de mão-de-obra (faltas) | I44: =-I31
A45: Valor mensal do contrato (qtd × unit. ÷ 12) | D45: =(G50*D40)/12 | F45: Valor total dos descontos | I45: =I43+I44
F46: Valor Reembolso de creche (não sofre desconto) | I46: =G35
F47: Valor liberado para Faturamento | I47: =I42+I44+I46
A48: 📋 INSTRUMENTO DE COBRANÇA
A49: Item | B49: Descrição | G49: Qtde Faturada | I49: Valor Unit. Faturado (R$)
A50: 1 | B50: ='OUT-26'!B50 | G50: ='OUT-26'!G50 | I50: =IF(OR(I40="",G50=0),"",I40/G50)
A51: Qtde Faturada = QTD TOTAL da planilha orçamentária · Valor Unit. Faturado = valor dos serviços ÷ Qtde Faturada.
A53: OCORRÊNCIAS OBSERVADAS EM RELAÇÃO À CONTRATADA – JUSTIFICATIVAS DA AVALIAÇÃO
A60: CIENTE DO DIRETOR DA UNIDADE | F60: CIENTE DO FISCAL DO CONTRATO
A64: DATA: | F64: DATA:

Sheet DEZ-26
A1: UNIVERSIDADE FEDERAL DO RIO DE JANEIRO — PRÓ-REITORIA DE GESTÃO E GOVERNANÇA (PR-6)
A2: INSTRUMENTO DE MEDIÇÃO DE RESULTADO | H2: IMR Nº | I2: ='NOV-26'!I2
A3: OBJETO | B3: ='NOV-26'!B3
A4: EMPRESA | B4: ='NOV-26'!B4 | F4: CONTRATO | G4: ='NOV-26'!G4
A5: UNIDADE | B5: ='NOV-26'!B5 | F5: TERMO | G5: ='NOV-26'!G5
A6: MÊS/ANO | B6: =EDATE('NOV-26'!B6,1) | F6: FISCAL
A7: Preencha as células em amarelo. Pontuação, nota e valores são calculados automaticamente.
A8: AVALIAÇÃO DOS SERVIÇOS
A9: Cód. | B9: Indicador | G9: Avaliação correspondente | H9: Pontos | I9: Peso
A10: Módulo A — QUALIDADE DOS SERVIÇOS | I10: Peso 25
A11: A.1 | B11: CONFORMIDADE DOS EQUIPAMENTOS PARA EXECUÇÃO DOS SERVIÇOS | H11: =IFERROR(VLOOKUP(G11,'Parâmetros'!$A$2:$B$4,2,FALSE),0)
A12: A.2 | B12: CONFORMIDADE DOS SERVIÇOS EXECUTADOS COM AS ESPECIFICAÇÕES TÉCNICAS | H12: =IFERROR(VLOOKUP(G12,'Parâmetros'!$A$2:$B$4,2,FALSE),0)
A13: Pontuação total do Módulo A | H13: =SUM(H11:H12)
A14: Módulo B — EQUIPE DE TRABALHO | I14: Peso 25
A15: B.1 | B15: UNIFORMIZAÇÃO E EQUIPAMENTOS DE PROTEÇÃO INDIVIDUAL | H15: =IFERROR(VLOOKUP(G15,'Parâmetros'!$A$2:$B$4,2,FALSE),0)
A16: B.2 | B16: QUALIDADE DA EQUIPE | H16: =IFERROR(VLOOKUP(G16,'Parâmetros'!$A$2:$B$4,2,FALSE),0)
A17: Pontuação total do Módulo B | H17: =SUM(H15:H16)
A18: Módulo C — CUMPRIMENTO DO CRONOGRAMA | I18: Peso 25
A19: C.1 | B19: CUMPRIMENTO DO CRONOGRAMA E DAS ATIVIDADES | H19: =IFERROR(VLOOKUP(G19,'Parâmetros'!$A$2:$B$4,2,FALSE),0)
A20: Pontuação total do Módulo C | H20: =SUM(H19:H19)
A21: TOTAL DE PONTOS | C21: =(H11+H12+H15+H16+H19)/5 | D21: NOTA OBTIDA | F21: =VLOOKUP(C21,'Parâmetros'!$D$2:$F$8,2,TRUE) | G21: % DE LIBERAÇÃO | I21: =VLOOKUP(C21,'Parâmetros'!$D$2:$F$8,3,TRUE)
A23: MÃO DE OBRA COM DEDICAÇÃO EXCLUSIVA
A24: Categoria/Cargo | C24: Postos | D24: Valor Unitário (do posto) | E24: Valor Mensal (postos × unitário) | F24: Horas Contratadas | G24: Qtd. de faltas (em horas) | H24: Valor da Hora | I24: Valor com desconto
A25: ='NOV-26'!A25 | C25: ='NOV-26'!C25 | D25: ='NOV-26'!D25 | E25: =C25*D25 | F25: =C25*'Parâmetros'!$I$2 | H25: =IF(F25=0,0,E25/F25) | I25: =H25*N(G25)
A26: ='NOV-26'!A26 | C26: ='NOV-26'!C26 | D26: ='NOV-26'!D26 | E26: =C26*D26 | F26: =C26*'Parâmetros'!$I$2 | H26: =IF(F26=0,0,E26/F26) | I26: =H26*N(G26)
A27: ='NOV-26'!A27 | C27: ='NOV-26'!C27 | D27: ='NOV-26'!D27 | E27: =C27*D27 | F27: =C27*'Parâmetros'!$I$2 | H27: =IF(F27=0,0,E27/F27) | I27: =H27*N(G27)
A28: ='NOV-26'!A28 | C28: ='NOV-26'!C28 | D28: ='NOV-26'!D28 | E28: =C28*D28 | F28: =C28*'Parâmetros'!$I$2 | H28: =IF(F28=0,0,E28/F28) | I28: =H28*N(G28)
A29: ='NOV-26'!A29 | C29: ='NOV-26'!C29 | D29: ='NOV-26'!D29 | E29: =C29*D29 | F29: =C29*'Parâmetros'!$I$2 | H29: =IF(F29=0,0,E29/F29) | I29: =H29*N(G29)
A30: ='NOV-26'!A30 | C30: ='NOV-26'!C30 | D30: ='NOV-26'!D30 | E30: =C30*D30 | F30: =C30*'Parâmetros'!$I$2 | H30: =IF(F30=0,0,E30/F30) | I30: =H30*N(G30)
A31: TOTAIS | C31: =SUM(C25:C30) | E31: =SUM(E25:E30) | F31: =SUM(F25:F30) | G31: =SUM(G25:G30) | I31: =SUM(I25:I30)
A33: REEMBOLSO DE CRECHE
A34: Qtde contratada | C34: Valor estimado unitário | D34: Valor retido (mensal) | E34: Reembolsos aprovados | F34: Valor por dependente | G34: Total dos reembolsos | H34: Saldo acumulado
A35: =C31 | C35: ='NOV-26'!C35 | D35: =A35*C35 | E35: 0 | F35: ='NOV-26'!F35 | G35: =E35*F35 | H35: ='NOV-26'!H35+D35-G35
A36: Retido = qtde contratada × valor estimado unitário · Total = reembolsos aprovados × valor por dependente · Saldo = saldo do mês anterior + retido − total.
A38: APURAÇÃO DO VALOR A FATURAR
A39: MEDIÇÃO DOS SERVIÇOS | F39: VALOR LIBERADO PARA FATURAMENTO
A40: VALOR UNITÁRIO (planilha orçamentária) | D40: ='NOV-26'!D40 | F40: Valor dos serviços
A41: Dias Trabalhados no mês | D41: 25 | F41: Percentual de liberação (nota obtida) | I41: =I21
A42: Qtde contratada (soma dos postos) | D42: =C31 | F42: Subtotal dos serviços | I42: =I40*I41
A43: Serviço de mão-de-obra (total mensal ÷ 30 × dias) | D43: =E31/'Parâmetros'!$I$3*D41 | F43: Valor do desconto (nota) | I43: =I42-I40
A44: Serviço de engenharia ((qtd × unit.) ÷ 12 − mão-de-obra) | D44: =(G50*D40)/12-D43 | F44: Valor da GLOSA de mão-de-obra (faltas) | I44: =-I31
A45: Valor mensal do contrato (qtd × unit. ÷ 12) | D45: =(G50*D40)/12 | F45: Valor total dos descontos | I45: =I43+I44
F46: Valor Reembolso de creche (não sofre desconto) | I46: =G35
F47: Valor liberado para Faturamento | I47: =I42+I44+I46
A48: 📋 INSTRUMENTO DE COBRANÇA
A49: Item | B49: Descrição | G49: Qtde Faturada | I49: Valor Unit. Faturado (R$)
A50: 1 | B50: ='NOV-26'!B50 | G50: ='NOV-26'!G50 | I50: =IF(OR(I40="",G50=0),"",I40/G50)
A51: Qtde Faturada = QTD TOTAL da planilha orçamentária · Valor Unit. Faturado = valor dos serviços ÷ Qtde Faturada.
A53: OCORRÊNCIAS OBSERVADAS EM RELAÇÃO À CONTRATADA – JUSTIFICATIVAS DA AVALIAÇÃO
A60: CIENTE DO DIRETOR DA UNIDADE | F60: CIENTE DO FISCAL DO CONTRATO
A64: DATA: | F64: DATA:

Sheet JAN-27
A1: UNIVERSIDADE FEDERAL DO RIO DE JANEIRO — PRÓ-REITORIA DE GESTÃO E GOVERNANÇA (PR-6)
A2: INSTRUMENTO DE MEDIÇÃO DE RESULTADO | H2: IMR Nº | I2: ='DEZ-26'!I2
A3: OBJETO | B3: ='DEZ-26'!B3
A4: EMPRESA | B4: ='DEZ-26'!B4 | F4: CONTRATO | G4: ='DEZ-26'!G4
A5: UNIDADE | B5: ='DEZ-26'!B5 | F5: TERMO | G5: ='DEZ-26'!G5
A6: MÊS/ANO | B6: =EDATE('DEZ-26'!B6,1) | F6: FISCAL
A7: Preencha as células em amarelo. Pontuação, nota e valores são calculados automaticamente.
A8: AVALIAÇÃO DOS SERVIÇOS
A9: Cód. | B9: Indicador | G9: Avaliação correspondente | H9: Pontos | I9: Peso
A10: Módulo A — QUALIDADE DOS SERVIÇOS | I10: Peso 25
A11: A.1 | B11: CONFORMIDADE DOS EQUIPAMENTOS PARA EXECUÇÃO DOS SERVIÇOS | H11: =IFERROR(VLOOKUP(G11,'Parâmetros'!$A$2:$B$4,2,FALSE),0)
A12: A.2 | B12: CONFORMIDADE DOS SERVIÇOS EXECUTADOS COM AS ESPECIFICAÇÕES TÉCNICAS | H12: =IFERROR(VLOOKUP(G12,'Parâmetros'!$A$2:$B$4,2,FALSE),0)
A13: Pontuação total do Módulo A | H13: =SUM(H11:H12)
A14: Módulo B — EQUIPE DE TRABALHO | I14: Peso 25
A15: B.1 | B15: UNIFORMIZAÇÃO E EQUIPAMENTOS DE PROTEÇÃO INDIVIDUAL | H15: =IFERROR(VLOOKUP(G15,'Parâmetros'!$A$2:$B$4,2,FALSE),0)
A16: B.2 | B16: QUALIDADE DA EQUIPE | H16: =IFERROR(VLOOKUP(G16,'Parâmetros'!$A$2:$B$4,2,FALSE),0)
A17: Pontuação total do Módulo B | H17: =SUM(H15:H16)
A18: Módulo C — CUMPRIMENTO DO CRONOGRAMA | I18: Peso 25
A19: C.1 | B19: CUMPRIMENTO DO CRONOGRAMA E DAS ATIVIDADES | H19: =IFERROR(VLOOKUP(G19,'Parâmetros'!$A$2:$B$4,2,FALSE),0)
A20: Pontuação total do Módulo C | H20: =SUM(H19:H19)
A21: TOTAL DE PONTOS | C21: =(H11+H12+H15+H16+H19)/5 | D21: NOTA OBTIDA | F21: =VLOOKUP(C21,'Parâmetros'!$D$2:$F$8,2,TRUE) | G21: % DE LIBERAÇÃO | I21: =VLOOKUP(C21,'Parâmetros'!$D$2:$F$8,3,TRUE)
A23: MÃO DE OBRA COM DEDICAÇÃO EXCLUSIVA
A24: Categoria/Cargo | C24: Postos | D24: Valor Unitário (do posto) | E24: Valor Mensal (postos × unitário) | F24: Horas Contratadas | G24: Qtd. de faltas (em horas) | H24: Valor da Hora | I24: Valor com desconto
A25: ='DEZ-26'!A25 | C25: ='DEZ-26'!C25 | D25: ='DEZ-26'!D25 | E25: =C25*D25 | F25: =C25*'Parâmetros'!$I$2 | H25: =IF(F25=0,0,E25/F25) | I25: =H25*N(G25)
A26: ='DEZ-26'!A26 | C26: ='DEZ-26'!C26 | D26: ='DEZ-26'!D26 | E26: =C26*D26 | F26: =C26*'Parâmetros'!$I$2 | H26: =IF(F26=0,0,E26/F26) | I26: =H26*N(G26)
A27: ='DEZ-26'!A27 | C27: ='DEZ-26'!C27 | D27: ='DEZ-26'!D27 | E27: =C27*D27 | F27: =C27*'Parâmetros'!$I$2 | H27: =IF(F27=0,0,E27/F27) | I27: =H27*N(G27)
A28: ='DEZ-26'!A28 | C28: ='DEZ-26'!C28 | D28: ='DEZ-26'!D28 | E28: =C28*D28 | F28: =C28*'Parâmetros'!$I$2 | H28: =IF(F28=0,0,E28/F28) | I28: =H28*N(G28)
A29: ='DEZ-26'!A29 | C29: ='DEZ-26'!C29 | D29: ='DEZ-26'!D29 | E29: =C29*D29 | F29: =C29*'Parâmetros'!$I$2 | H29: =IF(F29=0,0,E29/F29) | I29: =H29*N(G29)
A30: ='DEZ-26'!A30 | C30: ='DEZ-26'!C30 | D30: ='DEZ-26'!D30 | E30: =C30*D30 | F30: =C30*'Parâmetros'!$I$2 | H30: =IF(F30=0,0,E30/F30) | I30: =H30*N(G30)
A31: TOTAIS | C31: =SUM(C25:C30) | E31: =SUM(E25:E30) | F31: =SUM(F25:F30) | G31: =SUM(G25:G30) | I31: =SUM(I25:I30)
A33: REEMBOLSO DE CRECHE
A34: Qtde contratada | C34: Valor estimado unitário | D34: Valor retido (mensal) | E34: Reembolsos aprovados | F34: Valor por dependente | G34: Total dos reembolsos | H34: Saldo acumulado
A35: =C31 | C35: ='DEZ-26'!C35 | D35: =A35*C35 | E35: 0 | F35: ='DEZ-26'!F35 | G35: =E35*F35 | H35: ='DEZ-26'!H35+D35-G35
A36: Retido = qtde contratada × valor estimado unitário · Total = reembolsos aprovados × valor por dependente · Saldo = saldo do mês anterior + retido − total.
A38: APURAÇÃO DO VALOR A FATURAR
A39: MEDIÇÃO DOS SERVIÇOS | F39: VALOR LIBERADO PARA FATURAMENTO
A40: VALOR UNITÁRIO (planilha orçamentária) | D40: ='DEZ-26'!D40 | F40: Valor dos serviços
A41: Dias Trabalhados no mês | D41: 25 | F41: Percentual de liberação (nota obtida) | I41: =I21
A42: Qtde contratada (soma dos postos) | D42: =C31 | F42: Subtotal dos serviços | I42: =I40*I41
A43: Serviço de mão-de-obra (total mensal ÷ 30 × dias) | D43: =E31/'Parâmetros'!$I$3*D41 | F43: Valor do desconto (nota) | I43: =I42-I40
A44: Serviço de engenharia ((qtd × unit.) ÷ 12 − mão-de-obra) | D44: =(G50*D40)/12-D43 | F44: Valor da GLOSA de mão-de-obra (faltas) | I44: =-I31
A45: Valor mensal do contrato (qtd × unit. ÷ 12) | D45: =(G50*D40)/12 | F45: Valor total dos descontos | I45: =I43+I44
F46: Valor Reembolso de creche (não sofre desconto) | I46: =G35
F47: Valor liberado para Faturamento | I47: =I42+I44+I46
A48: 📋 INSTRUMENTO DE COBRANÇA
A49: Item | B49: Descrição | G49: Qtde Faturada | I49: Valor Unit. Faturado (R$)
A50: 1 | B50: ='DEZ-26'!B50 | G50: ='DEZ-26'!G50 | I50: =IF(OR(I40="",G50=0),"",I40/G50)
A51: Qtde Faturada = QTD TOTAL da planilha orçamentária · Valor Unit. Faturado = valor dos serviços ÷ Qtde Faturada.
A53: OCORRÊNCIAS OBSERVADAS EM RELAÇÃO À CONTRATADA – JUSTIFICATIVAS DA AVALIAÇÃO
A60: CIENTE DO DIRETOR DA UNIDADE | F60: CIENTE DO FISCAL DO CONTRATO
A64: DATA: | F64: DATA:

Sheet FEV-27
A1: UNIVERSIDADE FEDERAL DO RIO DE JANEIRO — PRÓ-REITORIA DE GESTÃO E GOVERNANÇA (PR-6)
A2: INSTRUMENTO DE MEDIÇÃO DE RESULTADO | H2: IMR Nº | I2: ='JAN-27'!I2
A3: OBJETO | B3: ='JAN-27'!B3
A4: EMPRESA | B4: ='JAN-27'!B4 | F4: CONTRATO | G4: ='JAN-27'!G4
A5: UNIDADE | B5: ='JAN-27'!B5 | F5: TERMO | G5: ='JAN-27'!G5
A6: MÊS/ANO | B6: =EDATE('JAN-27'!B6,1) | F6: FISCAL
A7: Preencha as células em amarelo. Pontuação, nota e valores são calculados automaticamente.
A8: AVALIAÇÃO DOS SERVIÇOS
A9: Cód. | B9: Indicador | G9: Avaliação correspondente | H9: Pontos | I9: Peso
A10: Módulo A — QUALIDADE DOS SERVIÇOS | I10: Peso 25
A11: A.1 | B11: CONFORMIDADE DOS EQUIPAMENTOS PARA EXECUÇÃO DOS SERVIÇOS | H11: =IFERROR(VLOOKUP(G11,'Parâmetros'!$A$2:$B$4,2,FALSE),0)
A12: A.2 | B12: CONFORMIDADE DOS SERVIÇOS EXECUTADOS COM AS ESPECIFICAÇÕES TÉCNICAS | H12: =IFERROR(VLOOKUP(G12,'Parâmetros'!$A$2:$B$4,2,FALSE),0)
A13: Pontuação total do Módulo A | H13: =SUM(H11:H12)
A14: Módulo B — EQUIPE DE TRABALHO | I14: Peso 25
A15: B.1 | B15: UNIFORMIZAÇÃO E EQUIPAMENTOS DE PROTEÇÃO INDIVIDUAL | H15: =IFERROR(VLOOKUP(G15,'Parâmetros'!$A$2:$B$4,2,FALSE),0)
A16: B.2 | B16: QUALIDADE DA EQUIPE | H16: =IFERROR(VLOOKUP(G16,'Parâmetros'!$A$2:$B$4,2,FALSE),0)
A17: Pontuação total do Módulo B | H17: =SUM(H15:H16)
A18: Módulo C — CUMPRIMENTO DO CRONOGRAMA | I18: Peso 25
A19: C.1 | B19: CUMPRIMENTO DO CRONOGRAMA E DAS ATIVIDADES | H19: =IFERROR(VLOOKUP(G19,'Parâmetros'!$A$2:$B$4,2,FALSE),0)
A20: Pontuação total do Módulo C | H20: =SUM(H19:H19)
A21: TOTAL DE PONTOS | C21: =(H11+H12+H15+H16+H19)/5 | D21: NOTA OBTIDA | F21: =VLOOKUP(C21,'Parâmetros'!$D$2:$F$8,2,TRUE) | G21: % DE LIBERAÇÃO | I21: =VLOOKUP(C21,'Parâmetros'!$D$2:$F$8,3,TRUE)
A23: MÃO DE OBRA COM DEDICAÇÃO EXCLUSIVA
A24: Categoria/Cargo | C24: Postos | D24: Valor Unitário (do posto) | E24: Valor Mensal (postos × unitário) | F24: Horas Contratadas | G24: Qtd. de faltas (em horas) | H24: Valor da Hora | I24: Valor com desconto
A25: ='JAN-27'!A25 | C25: ='JAN-27'!C25 | D25: ='JAN-27'!D25 | E25: =C25*D25 | F25: =C25*'Parâmetros'!$I$2 | H25: =IF(F25=0,0,E25/F25) | I25: =H25*N(G25)
A26: ='JAN-27'!A26 | C26: ='JAN-27'!C26 | D26: ='JAN-27'!D26 | E26: =C26*D26 | F26: =C26*'Parâmetros'!$I$2 | H26: =IF(F26=0,0,E26/F26) | I26: =H26*N(G26)
A27: ='JAN-27'!A27 | C27: ='JAN-27'!C27 | D27: ='JAN-27'!D27 | E27: =C27*D27 | F27: =C27*'Parâmetros'!$I$2 | H27: =IF(F27=0,0,E27/F27) | I27: =H27*N(G27)
A28: ='JAN-27'!A28 | C28: ='JAN-27'!C28 | D28: ='JAN-27'!D28 | E28: =C28*D28 | F28: =C28*'Parâmetros'!$I$2 | H28: =IF(F28=0,0,E28/F28) | I28: =H28*N(G28)
A29: ='JAN-27'!A29 | C29: ='JAN-27'!C29 | D29: ='JAN-27'!D29 | E29: =C29*D29 | F29: =C29*'Parâmetros'!$I$2 | H29: =IF(F29=0,0,E29/F29) | I29: =H29*N(G29)
A30: ='JAN-27'!A30 | C30: ='JAN-27'!C30 | D30: ='JAN-27'!D30 | E30: =C30*D30 | F30: =C30*'Parâmetros'!$I$2 | H30: =IF(F30=0,0,E30/F30) | I30: =H30*N(G30)
A31: TOTAIS | C31: =SUM(C25:C30) | E31: =SUM(E25:E30) | F31: =SUM(F25:F30) | G31: =SUM(G25:G30) | I31: =SUM(I25:I30)
A33: REEMBOLSO DE CRECHE
A34: Qtde contratada | C34: Valor estimado unitário | D34: Valor retido (mensal) | E34: Reembolsos aprovados | F34: Valor por dependente | G34: Total dos reembolsos | H34: Saldo acumulado
A35: =C31 | C35: ='JAN-27'!C35 | D35: =A35*C35 | E35: 0 | F35: ='JAN-27'!F35 | G35: =E35*F35 | H35: ='JAN-27'!H35+D35-G35
A36: Retido = qtde contratada × valor estimado unitário · Total = reembolsos aprovados × valor por dependente · Saldo = saldo do mês anterior + retido − total.
A38: APURAÇÃO DO VALOR A FATURAR
A39: MEDIÇÃO DOS SERVIÇOS | F39: VALOR LIBERADO PARA FATURAMENTO
A40: VALOR UNITÁRIO (planilha orçamentária) | D40: ='JAN-27'!D40 | F40: Valor dos serviços
A41: Dias Trabalhados no mês | D41: 25 | F41: Percentual de liberação (nota obtida) | I41: =I21
A42: Qtde contratada (soma dos postos) | D42: =C31 | F42: Subtotal dos serviços | I42: =I40*I41
A43: Serviço de mão-de-obra (total mensal ÷ 30 × dias) | D43: =E31/'Parâmetros'!$I$3*D41 | F43: Valor do desconto (nota) | I43: =I42-I40
A44: Serviço de engenharia ((qtd × unit.) ÷ 12 − mão-de-obra) | D44: =(G50*D40)/12-D43 | F44: Valor da GLOSA de mão-de-obra (faltas) | I44: =-I31
A45: Valor mensal do contrato (qtd × unit. ÷ 12) | D45: =(G50*D40)/12 | F45: Valor total dos descontos | I45: =I43+I44
F46: Valor Reembolso de creche (não sofre desconto) | I46: =G35
F47: Valor liberado para Faturamento | I47: =I42+I44+I46
A48: 📋 INSTRUMENTO DE COBRANÇA
A49: Item | B49: Descrição | G49: Qtde Faturada | I49: Valor Unit. Faturado (R$)
A50: 1 | B50: ='JAN-27'!B50 | G50: ='JAN-27'!G50 | I50: =IF(OR(I40="",G50=0),"",I40/G50)
A51: Qtde Faturada = QTD TOTAL da planilha orçamentária · Valor Unit. Faturado = valor dos serviços ÷ Qtde Faturada.
A53: OCORRÊNCIAS OBSERVADAS EM RELAÇÃO À CONTRATADA – JUSTIFICATIVAS DA AVALIAÇÃO
A60: CIENTE DO DIRETOR DA UNIDADE | F60: CIENTE DO FISCAL DO CONTRATO
A64: DATA: | F64: DATA:

Sheet MAR-27
A1: UNIVERSIDADE FEDERAL DO RIO DE JANEIRO — PRÓ-REITORIA DE GESTÃO E GOVERNANÇA (PR-6)
A2: INSTRUMENTO DE MEDIÇÃO DE RESULTADO | H2: IMR Nº | I2: ='FEV-27'!I2
A3: OBJETO | B3: ='FEV-27'!B3
A4: EMPRESA | B4: ='FEV-27'!B4 | F4: CONTRATO | G4: ='FEV-27'!G4
A5: UNIDADE | B5: ='FEV-27'!B5 | F5: TERMO | G5: ='FEV-27'!G5
A6: MÊS/ANO | B6: =EDATE('FEV-27'!B6,1) | F6: FISCAL
A7: Preencha as células em amarelo. Pontuação, nota e valores são calculados automaticamente.
A8: AVALIAÇÃO DOS SERVIÇOS
A9: Cód. | B9: Indicador | G9: Avaliação correspondente | H9: Pontos | I9: Peso
A10: Módulo A — QUALIDADE DOS SERVIÇOS | I10: Peso 25
A11: A.1 | B11: CONFORMIDADE DOS EQUIPAMENTOS PARA EXECUÇÃO DOS SERVIÇOS | H11: =IFERROR(VLOOKUP(G11,'Parâmetros'!$A$2:$B$4,2,FALSE),0)
A12: A.2 | B12: CONFORMIDADE DOS SERVIÇOS EXECUTADOS COM AS ESPECIFICAÇÕES TÉCNICAS | H12: =IFERROR(VLOOKUP(G12,'Parâmetros'!$A$2:$B$4,2,FALSE),0)
A13: Pontuação total do Módulo A | H13: =SUM(H11:H12)
A14: Módulo B — EQUIPE DE TRABALHO | I14: Peso 25
A15: B.1 | B15: UNIFORMIZAÇÃO E EQUIPAMENTOS DE PROTEÇÃO INDIVIDUAL | H15: =IFERROR(VLOOKUP(G15,'Parâmetros'!$A$2:$B$4,2,FALSE),0)
A16: B.2 | B16: QUALIDADE DA EQUIPE | H16: =IFERROR(VLOOKUP(G16,'Parâmetros'!$A$2:$B$4,2,FALSE),0)
A17: Pontuação total do Módulo B | H17: =SUM(H15:H16)
A18: Módulo C — CUMPRIMENTO DO CRONOGRAMA | I18: Peso 25
A19: C.1 | B19: CUMPRIMENTO DO CRONOGRAMA E DAS ATIVIDADES | H19: =IFERROR(VLOOKUP(G19,'Parâmetros'!$A$2:$B$4,2,FALSE),0)
A20: Pontuação total do Módulo C | H20: =SUM(H19:H19)
A21: TOTAL DE PONTOS | C21: =(H11+H12+H15+H16+H19)/5 | D21: NOTA OBTIDA | F21: =VLOOKUP(C21,'Parâmetros'!$D$2:$F$8,2,TRUE) | G21: % DE LIBERAÇÃO | I21: =VLOOKUP(C21,'Parâmetros'!$D$2:$F$8,3,TRUE)
A23: MÃO DE OBRA COM DEDICAÇÃO EXCLUSIVA
A24: Categoria/Cargo | C24: Postos | D24: Valor Unitário (do posto) | E24: Valor Mensal (postos × unitário) | F24: Horas Contratadas | G24: Qtd. de faltas (em horas) | H24: Valor da Hora | I24: Valor com desconto
A25: ='FEV-27'!A25 | C25: ='FEV-27'!C25 | D25: ='FEV-27'!D25 | E25: =C25*D25 | F25: =C25*'Parâmetros'!$I$2 | H25: =IF(F25=0,0,E25/F25) | I25: =H25*N(G25)
A26: ='FEV-27'!A26 | C26: ='FEV-27'!C26 | D26: ='FEV-27'!D26 | E26: =C26*D26 | F26: =C26*'Parâmetros'!$I$2 | H26: =IF(F26=0,0,E26/F26) | I26: =H26*N(G26)
A27: ='FEV-27'!A27 | C27: ='FEV-27'!C27 | D27: ='FEV-27'!D27 | E27: =C27*D27 | F27: =C27*'Parâmetros'!$I$2 | H27: =IF(F27=0,0,E27/F27) | I27: =H27*N(G27)
A28: ='FEV-27'!A28 | C28: ='FEV-27'!C28 | D28: ='FEV-27'!D28 | E28: =C28*D28 | F28: =C28*'Parâmetros'!$I$2 | H28: =IF(F28=0,0,E28/F28) | I28: =H28*N(G28)
A29: ='FEV-27'!A29 | C29: ='FEV-27'!C29 | D29: ='FEV-27'!D29 | E29: =C29*D29 | F29: =C29*'Parâmetros'!$I$2 | H29: =IF(F29=0,0,E29/F29) | I29: =H29*N(G29)
A30: ='FEV-27'!A30 | C30: ='FEV-27'!C30 | D30: ='FEV-27'!D30 | E30: =C30*D30 | F30: =C30*'Parâmetros'!$I$2 | H30: =IF(F30=0,0,E30/F30) | I30: =H30*N(G30)
A31: TOTAIS | C31: =SUM(C25:C30) | E31: =SUM(E25:E30) | F31: =SUM(F25:F30) | G31: =SUM(G25:G30) | I31: =SUM(I25:I30)
A33: REEMBOLSO DE CRECHE
A34: Qtde contratada | C34: Valor estimado unitário | D34: Valor retido (mensal) | E34: Reembolsos aprovados | F34: Valor por dependente | G34: Total dos reembolsos | H34: Saldo acumulado
A35: =C31 | C35: ='FEV-27'!C35 | D35: =A35*C35 | E35: 0 | F35: ='FEV-27'!F35 | G35: =E35*F35 | H35: ='FEV-27'!H35+D35-G35
A36: Retido = qtde contratada × valor estimado unitário · Total = reembolsos aprovados × valor por dependente · Saldo = saldo do mês anterior + retido − total.
A38: APURAÇÃO DO VALOR A FATURAR
A39: MEDIÇÃO DOS SERVIÇOS | F39: VALOR LIBERADO PARA FATURAMENTO
A40: VALOR UNITÁRIO (planilha orçamentária) | D40: ='FEV-27'!D40 | F40: Valor dos serviços
A41: Dias Trabalhados no mês | D41: 25 | F41: Percentual de liberação (nota obtida) | I41: =I21
A42: Qtde contratada (soma dos postos) | D42: =C31 | F42: Subtotal dos serviços | I42: =I40*I41
A43: Serviço de mão-de-obra (total mensal ÷ 30 × dias) | D43: =E31/'Parâmetros'!$I$3*D41 | F43: Valor do desconto (nota) | I43: =I42-I40
A44: Serviço de engenharia ((qtd × unit.) ÷ 12 − mão-de-obra) | D44: =(G50*D40)/12-D43 | F44: Valor da GLOSA de mão-de-obra (faltas) | I44: =-I31
A45: Valor mensal do contrato (qtd × unit. ÷ 12) | D45: =(G50*D40)/12 | F45: Valor total dos descontos | I45: =I43+I44
F46: Valor Reembolso de creche (não sofre desconto) | I46: =G35
F47: Valor liberado para Faturamento | I47: =I42+I44+I46
A48: 📋 INSTRUMENTO DE COBRANÇA
A49: Item | B49: Descrição | G49: Qtde Faturada | I49: Valor Unit. Faturado (R$)
A50: 1 | B50: ='FEV-27'!B50 | G50: ='FEV-27'!G50 | I50: =IF(OR(I40="",G50=0),"",I40/G50)
A51: Qtde Faturada = QTD TOTAL da planilha orçamentária · Valor Unit. Faturado = valor dos serviços ÷ Qtde Faturada.
A53: OCORRÊNCIAS OBSERVADAS EM RELAÇÃO À CONTRATADA – JUSTIFICATIVAS DA AVALIAÇÃO
A60: CIENTE DO DIRETOR DA UNIDADE | F60: CIENTE DO FISCAL DO CONTRATO
A64: DATA: | F64: DATA:

Sheet ABR-27
A1: UNIVERSIDADE FEDERAL DO RIO DE JANEIRO — PRÓ-REITORIA DE GESTÃO E GOVERNANÇA (PR-6)
A2: INSTRUMENTO DE MEDIÇÃO DE RESULTADO | H2: IMR Nº | I2: ='MAR-27'!I2
A3: OBJETO | B3: ='MAR-27'!B3
A4: EMPRESA | B4: ='MAR-27'!B4 | F4: CONTRATO | G4: ='MAR-27'!G4
A5: UNIDADE | B5: ='MAR-27'!B5 | F5: TERMO | G5: ='MAR-27'!G5
A6: MÊS/ANO | B6: =EDATE('MAR-27'!B6,1) | F6: FISCAL
A7: Preencha as células em amarelo. Pontuação, nota e valores são calculados automaticamente.
A8: AVALIAÇÃO DOS SERVIÇOS
A9: Cód. | B9: Indicador | G9: Avaliação correspondente | H9: Pontos | I9: Peso
A10: Módulo A — QUALIDADE DOS SERVIÇOS | I10: Peso 25
A11: A.1 | B11: CONFORMIDADE DOS EQUIPAMENTOS PARA EXECUÇÃO DOS SERVIÇOS | H11: =IFERROR(VLOOKUP(G11,'Parâmetros'!$A$2:$B$4,2,FALSE),0)
A12: A.2 | B12: CONFORMIDADE DOS SERVIÇOS EXECUTADOS COM AS ESPECIFICAÇÕES TÉCNICAS | H12: =IFERROR(VLOOKUP(G12,'Parâmetros'!$A$2:$B$4,2,FALSE),0)
A13: Pontuação total do Módulo A | H13: =SUM(H11:H12)
A14: Módulo B — EQUIPE DE TRABALHO | I14: Peso 25
A15: B.1 | B15: UNIFORMIZAÇÃO E EQUIPAMENTOS DE PROTEÇÃO INDIVIDUAL | H15: =IFERROR(VLOOKUP(G15,'Parâmetros'!$A$2:$B$4,2,FALSE),0)
A16: B.2 | B16: QUALIDADE DA EQUIPE | H16: =IFERROR(VLOOKUP(G16,'Parâmetros'!$A$2:$B$4,2,FALSE),0)
A17: Pontuação total do Módulo B | H17: =SUM(H15:H16)
A18: Módulo C — CUMPRIMENTO DO CRONOGRAMA | I18: Peso 25
A19: C.1 | B19: CUMPRIMENTO DO CRONOGRAMA E DAS ATIVIDADES | H19: =IFERROR(VLOOKUP(G19,'Parâmetros'!$A$2:$B$4,2,FALSE),0)
A20: Pontuação total do Módulo C | H20: =SUM(H19:H19)
A21: TOTAL DE PONTOS | C21: =(H11+H12+H15+H16+H19)/5 | D21: NOTA OBTIDA | F21: =VLOOKUP(C21,'Parâmetros'!$D$2:$F$8,2,TRUE) | G21: % DE LIBERAÇÃO | I21: =VLOOKUP(C21,'Parâmetros'!$D$2:$F$8,3,TRUE)
A23: MÃO DE OBRA COM DEDICAÇÃO EXCLUSIVA
A24: Categoria/Cargo | C24: Postos | D24: Valor Unitário (do posto) | E24: Valor Mensal (postos × unitário) | F24: Horas Contratadas | G24: Qtd. de faltas (em horas) | H24: Valor da Hora | I24: Valor com desconto
A25: ='MAR-27'!A25 | C25: ='MAR-27'!C25 | D25: ='MAR-27'!D25 | E25: =C25*D25 | F25: =C25*'Parâmetros'!$I$2 | H25: =IF(F25=0,0,E25/F25) | I25: =H25*N(G25)
A26: ='MAR-27'!A26 | C26: ='MAR-27'!C26 | D26: ='MAR-27'!D26 | E26: =C26*D26 | F26: =C26*'Parâmetros'!$I$2 | H26: =IF(F26=0,0,E26/F26) | I26: =H26*N(G26)
A27: ='MAR-27'!A27 | C27: ='MAR-27'!C27 | D27: ='MAR-27'!D27 | E27: =C27*D27 | F27: =C27*'Parâmetros'!$I$2 | H27: =IF(F27=0,0,E27/F27) | I27: =H27*N(G27)
A28: ='MAR-27'!A28 | C28: ='MAR-27'!C28 | D28: ='MAR-27'!D28 | E28: =C28*D28 | F28: =C28*'Parâmetros'!$I$2 | H28: =IF(F28=0,0,E28/F28) | I28: =H28*N(G28)
A29: ='MAR-27'!A29 | C29: ='MAR-27'!C29 | D29: ='MAR-27'!D29 | E29: =C29*D29 | F29: =C29*'Parâmetros'!$I$2 | H29: =IF(F29=0,0,E29/F29) | I29: =H29*N(G29)
A30: ='MAR-27'!A30 | C30: ='MAR-27'!C30 | D30: ='MAR-27'!D30 | E30: =C30*D30 | F30: =C30*'Parâmetros'!$I$2 | H30: =IF(F30=0,0,E30/F30) | I30: =H30*N(G30)
A31: TOTAIS | C31: =SUM(C25:C30) | E31: =SUM(E25:E30) | F31: =SUM(F25:F30) | G31: =SUM(G25:G30) | I31: =SUM(I25:I30)
A33: REEMBOLSO DE CRECHE
A34: Qtde contratada | C34: Valor estimado unitário | D34: Valor retido (mensal) | E34: Reembolsos aprovados | F34: Valor por dependente | G34: Total dos reembolsos | H34: Saldo acumulado
A35: =C31 | C35: ='MAR-27'!C35 | D35: =A35*C35 | E35: 0 | F35: ='MAR-27'!F35 | G35: =E35*F35 | H35: ='MAR-27'!H35+D35-G35
A36: Retido = qtde contratada × valor estimado unitário · Total = reembolsos aprovados × valor por dependente · Saldo = saldo do mês anterior + retido − total.
A38: APURAÇÃO DO VALOR A FATURAR
A39: MEDIÇÃO DOS SERVIÇOS | F39: VALOR LIBERADO PARA FATURAMENTO
A40: VALOR UNITÁRIO (planilha orçamentária) | D40: ='MAR-27'!D40 | F40: Valor dos serviços
A41: Dias Trabalhados no mês | D41: 25 | F41: Percentual de liberação (nota obtida) | I41: =I21
A42: Qtde contratada (soma dos postos) | D42: =C31 | F42: Subtotal dos serviços | I42: =I40*I41
A43: Serviço de mão-de-obra (total mensal ÷ 30 × dias) | D43: =E31/'Parâmetros'!$I$3*D41 | F43: Valor do desconto (nota) | I43: =I42-I40
A44: Serviço de engenharia ((qtd × unit.) ÷ 12 − mão-de-obra) | D44: =(G50*D40)/12-D43 | F44: Valor da GLOSA de mão-de-obra (faltas) | I44: =-I31
A45: Valor mensal do contrato (qtd × unit. ÷ 12) | D45: =(G50*D40)/12 | F45: Valor total dos descontos | I45: =I43+I44
F46: Valor Reembolso de creche (não sofre desconto) | I46: =G35
F47: Valor liberado para Faturamento | I47: =I42+I44+I46
A48: 📋 INSTRUMENTO DE COBRANÇA
A49: Item | B49: Descrição | G49: Qtde Faturada | I49: Valor Unit. Faturado (R$)
A50: 1 | B50: ='MAR-27'!B50 | G50: ='MAR-27'!G50 | I50: =IF(OR(I40="",G50=0),"",I40/G50)
A51: Qtde Faturada = QTD TOTAL da planilha orçamentária · Valor Unit. Faturado = valor dos serviços ÷ Qtde Faturada.
A53: OCORRÊNCIAS OBSERVADAS EM RELAÇÃO À CONTRATADA – JUSTIFICATIVAS DA AVALIAÇÃO
A60: CIENTE DO DIRETOR DA UNIDADE | F60: CIENTE DO FISCAL DO CONTRATO
A64: DATA: | F64: DATA:

Sheet MAI-27
A1: UNIVERSIDADE FEDERAL DO RIO DE JANEIRO — PRÓ-REITORIA DE GESTÃO E GOVERNANÇA (PR-6)
A2: INSTRUMENTO DE MEDIÇÃO DE RESULTADO | H2: IMR Nº | I2: ='ABR-27'!I2
A3: OBJETO | B3: ='ABR-27'!B3
A4: EMPRESA | B4: ='ABR-27'!B4 | F4: CONTRATO | G4: ='ABR-27'!G4
A5: UNIDADE | B5: ='ABR-27'!B5 | F5: TERMO | G5: ='ABR-27'!G5
A6: MÊS/ANO | B6: =EDATE('ABR-27'!B6,1) | F6: FISCAL
A7: Preencha as células em amarelo. Pontuação, nota e valores são calculados automaticamente.
A8: AVALIAÇÃO DOS SERVIÇOS
A9: Cód. | B9: Indicador | G9: Avaliação correspondente | H9: Pontos | I9: Peso
A10: Módulo A — QUALIDADE DOS SERVIÇOS | I10: Peso 25
A11: A.1 | B11: CONFORMIDADE DOS EQUIPAMENTOS PARA EXECUÇÃO DOS SERVIÇOS | H11: =IFERROR(VLOOKUP(G11,'Parâmetros'!$A$2:$B$4,2,FALSE),0)
A12: A.2 | B12: CONFORMIDADE DOS SERVIÇOS EXECUTADOS COM AS ESPECIFICAÇÕES TÉCNICAS | H12: =IFERROR(VLOOKUP(G12,'Parâmetros'!$A$2:$B$4,2,FALSE),0)
A13: Pontuação total do Módulo A | H13: =SUM(H11:H12)
A14: Módulo B — EQUIPE DE TRABALHO | I14: Peso 25
A15: B.1 | B15: UNIFORMIZAÇÃO E EQUIPAMENTOS DE PROTEÇÃO INDIVIDUAL | H15: =IFERROR(VLOOKUP(G15,'Parâmetros'!$A$2:$B$4,2,FALSE),0)
A16: B.2 | B16: QUALIDADE DA EQUIPE | H16: =IFERROR(VLOOKUP(G16,'Parâmetros'!$A$2:$B$4,2,FALSE),0)
A17: Pontuação total do Módulo B | H17: =SUM(H15:H16)
A18: Módulo C — CUMPRIMENTO DO CRONOGRAMA | I18: Peso 25
A19: C.1 | B19: CUMPRIMENTO DO CRONOGRAMA E DAS ATIVIDADES | H19: =IFERROR(VLOOKUP(G19,'Parâmetros'!$A$2:$B$4,2,FALSE),0)
A20: Pontuação total do Módulo C | H20: =SUM(H19:H19)
A21: TOTAL DE PONTOS | C21: =(H11+H12+H15+H16+H19)/5 | D21: NOTA OBTIDA | F21: =VLOOKUP(C21,'Parâmetros'!$D$2:$F$8,2,TRUE) | G21: % DE LIBERAÇÃO | I21: =VLOOKUP(C21,'Parâmetros'!$D$2:$F$8,3,TRUE)
A23: MÃO DE OBRA COM DEDICAÇÃO EXCLUSIVA
A24: Categoria/Cargo | C24: Postos | D24: Valor Unitário (do posto) | E24: Valor Mensal (postos × unitário) | F24: Horas Contratadas | G24: Qtd. de faltas (em horas) | H24: Valor da Hora | I24: Valor com desconto
A25: ='ABR-27'!A25 | C25: ='ABR-27'!C25 | D25: ='ABR-27'!D25 | E25: =C25*D25 | F25: =C25*'Parâmetros'!$I$2 | H25: =IF(F25=0,0,E25/F25) | I25: =H25*N(G25)
A26: ='ABR-27'!A26 | C26: ='ABR-27'!C26 | D26: ='ABR-27'!D26 | E26: =C26*D26 | F26: =C26*'Parâmetros'!$I$2 | H26: =IF(F26=0,0,E26/F26) | I26: =H26*N(G26)
A27: ='ABR-27'!A27 | C27: ='ABR-27'!C27 | D27: ='ABR-27'!D27 | E27: =C27*D27 | F27: =C27*'Parâmetros'!$I$2 | H27: =IF(F27=0,0,E27/F27) | I27: =H27*N(G27)
A28: ='ABR-27'!A28 | C28: ='ABR-27'!C28 | D28: ='ABR-27'!D28 | E28: =C28*D28 | F28: =C28*'Parâmetros'!$I$2 | H28: =IF(F28=0,0,E28/F28) | I28: =H28*N(G28)
A29: ='ABR-27'!A29 | C29: ='ABR-27'!C29 | D29: ='ABR-27'!D29 | E29: =C29*D29 | F29: =C29*'Parâmetros'!$I$2 | H29: =IF(F29=0,0,E29/F29) | I29: =H29*N(G29)
A30: ='ABR-27'!A30 | C30: ='ABR-27'!C30 | D30: ='ABR-27'!D30 | E30: =C30*D30 | F30: =C30*'Parâmetros'!$I$2 | H30: =IF(F30=0,0,E30/F30) | I30: =H30*N(G30)
A31: TOTAIS | C31: =SUM(C25:C30) | E31: =SUM(E25:E30) | F31: =SUM(F25:F30) | G31: =SUM(G25:G30) | I31: =SUM(I25:I30)
A33: REEMBOLSO DE CRECHE
A34: Qtde contratada | C34: Valor estimado unitário | D34: Valor retido (mensal) | E34: Reembolsos aprovados | F34: Valor por dependente | G34: Total dos reembolsos | H34: Saldo acumulado
A35: =C31 | C35: ='ABR-27'!C35 | D35: =A35*C35 | E35: 0 | F35: ='ABR-27'!F35 | G35: =E35*F35 | H35: ='ABR-27'!H35+D35-G35
A36: Retido = qtde contratada × valor estimado unitário · Total = reembolsos aprovados × valor por dependente · Saldo = saldo do mês anterior + retido − total.
A38: APURAÇÃO DO VALOR A FATURAR
A39: MEDIÇÃO DOS SERVIÇOS | F39: VALOR LIBERADO PARA FATURAMENTO
A40: VALOR UNITÁRIO (planilha orçamentária) | D40: ='ABR-27'!D40 | F40: Valor dos serviços
A41: Dias Trabalhados no mês | D41: 25 | F41: Percentual de liberação (nota obtida) | I41: =I21
A42: Qtde contratada (soma dos postos) | D42: =C31 | F42: Subtotal dos serviços | I42: =I40*I41
A43: Serviço de mão-de-obra (total mensal ÷ 30 × dias) | D43: =E31/'Parâmetros'!$I$3*D41 | F43: Valor do desconto (nota) | I43: =I42-I40
A44: Serviço de engenharia ((qtd × unit.) ÷ 12 − mão-de-obra) | D44: =(G50*D40)/12-D43 | F44: Valor da GLOSA de mão-de-obra (faltas) | I44: =-I31
A45: Valor mensal do contrato (qtd × unit. ÷ 12) | D45: =(G50*D40)/12 | F45: Valor total dos descontos | I45: =I43+I44
F46: Valor Reembolso de creche (não sofre desconto) | I46: =G35
F47: Valor liberado para Faturamento | I47: =I42+I44+I46
A48: 📋 INSTRUMENTO DE COBRANÇA
A49: Item | B49: Descrição | G49: Qtde Faturada | I49: Valor Unit. Faturado (R$)
A50: 1 | B50: ='ABR-27'!B50 | G50: ='ABR-27'!G50 | I50: =IF(OR(I40="",G50=0),"",I40/G50)
A51: Qtde Faturada = QTD TOTAL da planilha orçamentária · Valor Unit. Faturado = valor dos serviços ÷ Qtde Faturada.
A53: OCORRÊNCIAS OBSERVADAS EM RELAÇÃO À CONTRATADA – JUSTIFICATIVAS DA AVALIAÇÃO
A60: CIENTE DO DIRETOR DA UNIDADE | F60: CIENTE DO FISCAL DO CONTRATO
A64: DATA: | F64: DATA:

Sheet JUN-27
A1: UNIVERSIDADE FEDERAL DO RIO DE JANEIRO — PRÓ-REITORIA DE GESTÃO E GOVERNANÇA (PR-6)
A2: INSTRUMENTO DE MEDIÇÃO DE RESULTADO | H2: IMR Nº | I2: ='MAI-27'!I2
A3: OBJETO | B3: ='MAI-27'!B3
A4: EMPRESA | B4: ='MAI-27'!B4 | F4: CONTRATO | G4: ='MAI-27'!G4
A5: UNIDADE | B5: ='MAI-27'!B5 | F5: TERMO | G5: ='MAI-27'!G5
A6: MÊS/ANO | B6: =EDATE('MAI-27'!B6,1) | F6: FISCAL
A7: Preencha as células em amarelo. Pontuação, nota e valores são calculados automaticamente.
A8: AVALIAÇÃO DOS SERVIÇOS
A9: Cód. | B9: Indicador | G9: Avaliação correspondente | H9: Pontos | I9: Peso
A10: Módulo A — QUALIDADE DOS SERVIÇOS | I10: Peso 25
A11: A.1 | B11: CONFORMIDADE DOS EQUIPAMENTOS PARA EXECUÇÃO DOS SERVIÇOS | H11: =IFERROR(VLOOKUP(G11,'Parâmetros'!$A$2:$B$4,2,FALSE),0)
A12: A.2 | B12: CONFORMIDADE DOS SERVIÇOS EXECUTADOS COM AS ESPECIFICAÇÕES TÉCNICAS | H12: =IFERROR(VLOOKUP(G12,'Parâmetros'!$A$2:$B$4,2,FALSE),0)
A13: Pontuação total do Módulo A | H13: =SUM(H11:H12)
A14: Módulo B — EQUIPE DE TRABALHO | I14: Peso 25
A15: B.1 | B15: UNIFORMIZAÇÃO E EQUIPAMENTOS DE PROTEÇÃO INDIVIDUAL | H15: =IFERROR(VLOOKUP(G15,'Parâmetros'!$A$2:$B$4,2,FALSE),0)
A16: B.2 | B16: QUALIDADE DA EQUIPE | H16: =IFERROR(VLOOKUP(G16,'Parâmetros'!$A$2:$B$4,2,FALSE),0)
A17: Pontuação total do Módulo B | H17: =SUM(H15:H16)
A18: Módulo C — CUMPRIMENTO DO CRONOGRAMA | I18: Peso 25
A19: C.1 | B19: CUMPRIMENTO DO CRONOGRAMA E DAS ATIVIDADES | H19: =IFERROR(VLOOKUP(G19,'Parâmetros'!$A$2:$B$4,2,FALSE),0)
A20: Pontuação total do Módulo C | H20: =SUM(H19:H19)
A21: TOTAL DE PONTOS | C21: =(H11+H12+H15+H16+H19)/5 | D21: NOTA OBTIDA | F21: =VLOOKUP(C21,'Parâmetros'!$D$2:$F$8,2,TRUE) | G21: % DE LIBERAÇÃO | I21: =VLOOKUP(C21,'Parâmetros'!$D$2:$F$8,3,TRUE)
A23: MÃO DE OBRA COM DEDICAÇÃO EXCLUSIVA
A24: Categoria/Cargo | C24: Postos | D24: Valor Unitário (do posto) | E24: Valor Mensal (postos × unitário) | F24: Horas Contratadas | G24: Qtd. de faltas (em horas) | H24: Valor da Hora | I24: Valor com desconto
A25: ='MAI-27'!A25 | C25: ='MAI-27'!C25 | D25: ='MAI-27'!D25 | E25: =C25*D25 | F25: =C25*'Parâmetros'!$I$2 | H25: =IF(F25=0,0,E25/F25) | I25: =H25*N(G25)
A26: ='MAI-27'!A26 | C26: ='MAI-27'!C26 | D26: ='MAI-27'!D26 | E26: =C26*D26 | F26: =C26*'Parâmetros'!$I$2 | H26: =IF(F26=0,0,E26/F26) | I26: =H26*N(G26)
A27: ='MAI-27'!A27 | C27: ='MAI-27'!C27 | D27: ='MAI-27'!D27 | E27: =C27*D27 | F27: =C27*'Parâmetros'!$I$2 | H27: =IF(F27=0,0,E27/F27) | I27: =H27*N(G27)
A28: ='MAI-27'!A28 | C28: ='MAI-27'!C28 | D28: ='MAI-27'!D28 | E28: =C28*D28 | F28: =C28*'Parâmetros'!$I$2 | H28: =IF(F28=0,0,E28/F28) | I28: =H28*N(G28)
A29: ='MAI-27'!A29 | C29: ='MAI-27'!C29 | D29: ='MAI-27'!D29 | E29: =C29*D29 | F29: =C29*'Parâmetros'!$I$2 | H29: =IF(F29=0,0,E29/F29) | I29: =H29*N(G29)
A30: ='MAI-27'!A30 | C30: ='MAI-27'!C30 | D30: ='MAI-27'!D30 | E30: =C30*D30 | F30: =C30*'Parâmetros'!$I$2 | H30: =IF(F30=0,0,E30/F30) | I30: =H30*N(G30)
A31: TOTAIS | C31: =SUM(C25:C30) | E31: =SUM(E25:E30) | F31: =SUM(F25:F30) | G31: =SUM(G25:G30) | I31: =SUM(I25:I30)
A33: REEMBOLSO DE CRECHE
A34: Qtde contratada | C34: Valor estimado unitário | D34: Valor retido (mensal) | E34: Reembolsos aprovados | F34: Valor por dependente | G34: Total dos reembolsos | H34: Saldo acumulado
A35: =C31 | C35: ='MAI-27'!C35 | D35: =A35*C35 | E35: 0 | F35: ='MAI-27'!F35 | G35: =E35*F35 | H35: ='MAI-27'!H35+D35-G35
A36: Retido = qtde contratada × valor estimado unitário · Total = reembolsos aprovados × valor por dependente · Saldo = saldo do mês anterior + retido − total.
A38: APURAÇÃO DO VALOR A FATURAR
A39: MEDIÇÃO DOS SERVIÇOS | F39: VALOR LIBERADO PARA FATURAMENTO
A40: VALOR UNITÁRIO (planilha orçamentária) | D40: ='MAI-27'!D40 | F40: Valor dos serviços
A41: Dias Trabalhados no mês | D41: 25 | F41: Percentual de liberação (nota obtida) | I41: =I21
A42: Qtde contratada (soma dos postos) | D42: =C31 | F42: Subtotal dos serviços | I42: =I40*I41
A43: Serviço de mão-de-obra (total mensal ÷ 30 × dias) | D43: =E31/'Parâmetros'!$I$3*D41 | F43: Valor do desconto (nota) | I43: =I42-I40
A44: Serviço de engenharia ((qtd × unit.) ÷ 12 − mão-de-obra) | D44: =(G50*D40)/12-D43 | F44: Valor da GLOSA de mão-de-obra (faltas) | I44: =-I31
A45: Valor mensal do contrato (qtd × unit. ÷ 12) | D45: =(G50*D40)/12 | F45: Valor total dos descontos | I45: =I43+I44
F46: Valor Reembolso de creche (não sofre desconto) | I46: =G35
F47: Valor liberado para Faturamento | I47: =I42+I44+I46
A48: 📋 INSTRUMENTO DE COBRANÇA
A49: Item | B49: Descrição | G49: Qtde Faturada | I49: Valor Unit. Faturado (R$)
A50: 1 | B50: ='MAI-27'!B50 | G50: ='MAI-27'!G50 | I50: =IF(OR(I40="",G50=0),"",I40/G50)
A51: Qtde Faturada = QTD TOTAL da planilha orçamentária · Valor Unit. Faturado = valor dos serviços ÷ Qtde Faturada.
A53: OCORRÊNCIAS OBSERVADAS EM RELAÇÃO À CONTRATADA – JUSTIFICATIVAS DA AVALIAÇÃO
A60: CIENTE DO DIRETOR DA UNIDADE | F60: CIENTE DO FISCAL DO CONTRATO
A64: DATA: | F64: DATA:

Sheet JUL-27
A1: UNIVERSIDADE FEDERAL DO RIO DE JANEIRO — PRÓ-REITORIA DE GESTÃO E GOVERNANÇA (PR-6)
A2: INSTRUMENTO DE MEDIÇÃO DE RESULTADO | H2: IMR Nº | I2: ='JUN-27'!I2
A3: OBJETO | B3: ='JUN-27'!B3
A4: EMPRESA | B4: ='JUN-27'!B4 | F4: CONTRATO | G4: ='JUN-27'!G4
A5: UNIDADE | B5: ='JUN-27'!B5 | F5: TERMO | G5: ='JUN-27'!G5
A6: MÊS/ANO | B6: =EDATE('JUN-27'!B6,1) | F6: FISCAL
A7: Preencha as células em amarelo. Pontuação, nota e valores são calculados automaticamente.
A8: AVALIAÇÃO DOS SERVIÇOS
A9: Cód. | B9: Indicador | G9: Avaliação correspondente | H9: Pontos | I9: Peso
A10: Módulo A — QUALIDADE DOS SERVIÇOS | I10: Peso 25
A11: A.1 | B11: CONFORMIDADE DOS EQUIPAMENTOS PARA EXECUÇÃO DOS SERVIÇOS | H11: =IFERROR(VLOOKUP(G11,'Parâmetros'!$A$2:$B$4,2,FALSE),0)
A12: A.2 | B12: CONFORMIDADE DOS SERVIÇOS EXECUTADOS COM AS ESPECIFICAÇÕES TÉCNICAS | H12: =IFERROR(VLOOKUP(G12,'Parâmetros'!$A$2:$B$4,2,FALSE),0)
A13: Pontuação total do Módulo A | H13: =SUM(H11:H12)
A14: Módulo B — EQUIPE DE TRABALHO | I14: Peso 25
A15: B.1 | B15: UNIFORMIZAÇÃO E EQUIPAMENTOS DE PROTEÇÃO INDIVIDUAL | H15: =IFERROR(VLOOKUP(G15,'Parâmetros'!$A$2:$B$4,2,FALSE),0)
A16: B.2 | B16: QUALIDADE DA EQUIPE | H16: =IFERROR(VLOOKUP(G16,'Parâmetros'!$A$2:$B$4,2,FALSE),0)
A17: Pontuação total do Módulo B | H17: =SUM(H15:H16)
A18: Módulo C — CUMPRIMENTO DO CRONOGRAMA | I18: Peso 25
A19: C.1 | B19: CUMPRIMENTO DO CRONOGRAMA E DAS ATIVIDADES | H19: =IFERROR(VLOOKUP(G19,'Parâmetros'!$A$2:$B$4,2,FALSE),0)
A20: Pontuação total do Módulo C | H20: =SUM(H19:H19)
A21: TOTAL DE PONTOS | C21: =(H11+H12+H15+H16+H19)/5 | D21: NOTA OBTIDA | F21: =VLOOKUP(C21,'Parâmetros'!$D$2:$F$8,2,TRUE) | G21: % DE LIBERAÇÃO | I21: =VLOOKUP(C21,'Parâmetros'!$D$2:$F$8,3,TRUE)
A23: MÃO DE OBRA COM DEDICAÇÃO EXCLUSIVA
A24: Categoria/Cargo | C24: Postos | D24: Valor Unitário (do posto) | E24: Valor Mensal (postos × unitário) | F24: Horas Contratadas | G24: Qtd. de faltas (em horas) | H24: Valor da Hora | I24: Valor com desconto
A25: ='JUN-27'!A25 | C25: ='JUN-27'!C25 | D25: ='JUN-27'!D25 | E25: =C25*D25 | F25: =C25*'Parâmetros'!$I$2 | H25: =IF(F25=0,0,E25/F25) | I25: =H25*N(G25)
A26: ='JUN-27'!A26 | C26: ='JUN-27'!C26 | D26: ='JUN-27'!D26 | E26: =C26*D26 | F26: =C26*'Parâmetros'!$I$2 | H26: =IF(F26=0,0,E26/F26) | I26: =H26*N(G26)
A27: ='JUN-27'!A27 | C27: ='JUN-27'!C27 | D27: ='JUN-27'!D27 | E27: =C27*D27 | F27: =C27*'Parâmetros'!$I$2 | H27: =IF(F27=0,0,E27/F27) | I27: =H27*N(G27)
A28: ='JUN-27'!A28 | C28: ='JUN-27'!C28 | D28: ='JUN-27'!D28 | E28: =C28*D28 | F28: =C28*'Parâmetros'!$I$2 | H28: =IF(F28=0,0,E28/F28) | I28: =H28*N(G28)
A29: ='JUN-27'!A29 | C29: ='JUN-27'!C29 | D29: ='JUN-27'!D29 | E29: =C29*D29 | F29: =C29*'Parâmetros'!$I$2 | H29: =IF(F29=0,0,E29/F29) | I29: =H29*N(G29)
A30: ='JUN-27'!A30 | C30: ='JUN-27'!C30 | D30: ='JUN-27'!D30 | E30: =C30*D30 | F30: =C30*'Parâmetros'!$I$2 | H30: =IF(F30=0,0,E30/F30) | I30: =H30*N(G30)
A31: TOTAIS | C31: =SUM(C25:C30) | E31: =SUM(E25:E30) | F31: =SUM(F25:F30) | G31: =SUM(G25:G30) | I31: =SUM(I25:I30)
A33: REEMBOLSO DE CRECHE
A34: Qtde contratada | C34: Valor estimado unitário | D34: Valor retido (mensal) | E34: Reembolsos aprovados | F34: Valor por dependente | G34: Total dos reembolsos | H34: Saldo acumulado
A35: =C31 | C35: ='JUN-27'!C35 | D35: =A35*C35 | E35: 0 | F35: ='JUN-27'!F35 | G35: =E35*F35 | H35: ='JUN-27'!H35+D35-G35
A36: Retido = qtde contratada × valor estimado unitário · Total = reembolsos aprovados × valor por dependente · Saldo = saldo do mês anterior + retido − total.
A38: APURAÇÃO DO VALOR A FATURAR
A39: MEDIÇÃO DOS SERVIÇOS | F39: VALOR LIBERADO PARA FATURAMENTO
A40: VALOR UNITÁRIO (planilha orçamentária) | D40: ='JUN-27'!D40 | F40: Valor dos serviços
A41: Dias Trabalhados no mês | D41: 25 | F41: Percentual de liberação (nota obtida) | I41: =I21
A42: Qtde contratada (soma dos postos) | D42: =C31 | F42: Subtotal dos serviços | I42: =I40*I41
A43: Serviço de mão-de-obra (total mensal ÷ 30 × dias) | D43: =E31/'Parâmetros'!$I$3*D41 | F43: Valor do desconto (nota) | I43: =I42-I40
A44: Serviço de engenharia ((qtd × unit.) ÷ 12 − mão-de-obra) | D44: =(G50*D40)/12-D43 | F44: Valor da GLOSA de mão-de-obra (faltas) | I44: =-I31
A45: Valor mensal do contrato (qtd × unit. ÷ 12) | D45: =(G50*D40)/12 | F45: Valor total dos descontos | I45: =I43+I44
F46: Valor Reembolso de creche (não sofre desconto) | I46: =G35
F47: Valor liberado para Faturamento | I47: =I42+I44+I46
A48: 📋 INSTRUMENTO DE COBRANÇA
A49: Item | B49: Descrição | G49: Qtde Faturada | I49: Valor Unit. Faturado (R$)
A50: 1 | B50: ='JUN-27'!B50 | G50: ='JUN-27'!G50 | I50: =IF(OR(I40="",G50=0),"",I40/G50)
A51: Qtde Faturada = QTD TOTAL da planilha orçamentária · Valor Unit. Faturado = valor dos serviços ÷ Qtde Faturada.
A53: OCORRÊNCIAS OBSERVADAS EM RELAÇÃO À CONTRATADA – JUSTIFICATIVAS DA AVALIAÇÃO
A60: CIENTE DO DIRETOR DA UNIDADE | F60: CIENTE DO FISCAL DO CONTRATO
A64: DATA: | F64: DATA:

Sheet AGO-27
A1: UNIVERSIDADE FEDERAL DO RIO DE JANEIRO — PRÓ-REITORIA DE GESTÃO E GOVERNANÇA (PR-6)
A2: INSTRUMENTO DE MEDIÇÃO DE RESULTADO | H2: IMR Nº | I2: ='JUL-27'!I2
A3: OBJETO | B3: ='JUL-27'!B3
A4: EMPRESA | B4: ='JUL-27'!B4 | F4: CONTRATO | G4: ='JUL-27'!G4
A5: UNIDADE | B5: ='JUL-27'!B5 | F5: TERMO | G5: ='JUL-27'!G5
A6: MÊS/ANO | B6: =EDATE('JUL-27'!B6,1) | F6: FISCAL
A7: Preencha as células em amarelo. Pontuação, nota e valores são calculados automaticamente.
A8: AVALIAÇÃO DOS SERVIÇOS
A9: Cód. | B9: Indicador | G9: Avaliação correspondente | H9: Pontos | I9: Peso
A10: Módulo A — QUALIDADE DOS SERVIÇOS | I10: Peso 25
A11: A.1 | B11: CONFORMIDADE DOS EQUIPAMENTOS PARA EXECUÇÃO DOS SERVIÇOS | H11: =IFERROR(VLOOKUP(G11,'Parâmetros'!$A$2:$B$4,2,FALSE),0)
A12: A.2 | B12: CONFORMIDADE DOS SERVIÇOS EXECUTADOS COM AS ESPECIFICAÇÕES TÉCNICAS | H12: =IFERROR(VLOOKUP(G12,'Parâmetros'!$A$2:$B$4,2,FALSE),0)
A13: Pontuação total do Módulo A | H13: =SUM(H11:H12)
A14: Módulo B — EQUIPE DE TRABALHO | I14: Peso 25
A15: B.1 | B15: UNIFORMIZAÇÃO E EQUIPAMENTOS DE PROTEÇÃO INDIVIDUAL | H15: =IFERROR(VLOOKUP(G15,'Parâmetros'!$A$2:$B$4,2,FALSE),0)
A16: B.2 | B16: QUALIDADE DA EQUIPE | H16: =IFERROR(VLOOKUP(G16,'Parâmetros'!$A$2:$B$4,2,FALSE),0)
A17: Pontuação total do Módulo B | H17: =SUM(H15:H16)
A18: Módulo C — CUMPRIMENTO DO CRONOGRAMA | I18: Peso 25
A19: C.1 | B19: CUMPRIMENTO DO CRONOGRAMA E DAS ATIVIDADES | H19: =IFERROR(VLOOKUP(G19,'Parâmetros'!$A$2:$B$4,2,FALSE),0)
A20: Pontuação total do Módulo C | H20: =SUM(H19:H19)
A21: TOTAL DE PONTOS | C21: =(H11+H12+H15+H16+H19)/5 | D21: NOTA OBTIDA | F21: =VLOOKUP(C21,'Parâmetros'!$D$2:$F$8,2,TRUE) | G21: % DE LIBERAÇÃO | I21: =VLOOKUP(C21,'Parâmetros'!$D$2:$F$8,3,TRUE)
A23: MÃO DE OBRA COM DEDICAÇÃO EXCLUSIVA
A24: Categoria/Cargo | C24: Postos | D24: Valor Unitário (do posto) | E24: Valor Mensal (postos × unitário) | F24: Horas Contratadas | G24: Qtd. de faltas (em horas) | H24: Valor da Hora | I24: Valor com desconto
A25: ='JUL-27'!A25 | C25: ='JUL-27'!C25 | D25: ='JUL-27'!D25 | E25: =C25*D25 | F25: =C25*'Parâmetros'!$I$2 | H25: =IF(F25=0,0,E25/F25) | I25: =H25*N(G25)
A26: ='JUL-27'!A26 | C26: ='JUL-27'!C26 | D26: ='JUL-27'!D26 | E26: =C26*D26 | F26: =C26*'Parâmetros'!$I$2 | H26: =IF(F26=0,0,E26/F26) | I26: =H26*N(G26)
A27: ='JUL-27'!A27 | C27: ='JUL-27'!C27 | D27: ='JUL-27'!D27 | E27: =C27*D27 | F27: =C27*'Parâmetros'!$I$2 | H27: =IF(F27=0,0,E27/F27) | I27: =H27*N(G27)
A28: ='JUL-27'!A28 | C28: ='JUL-27'!C28 | D28: ='JUL-27'!D28 | E28: =C28*D28 | F28: =C28*'Parâmetros'!$I$2 | H28: =IF(F28=0,0,E28/F28) | I28: =H28*N(G28)
A29: ='JUL-27'!A29 | C29: ='JUL-27'!C29 | D29: ='JUL-27'!D29 | E29: =C29*D29 | F29: =C29*'Parâmetros'!$I$2 | H29: =IF(F29=0,0,E29/F29) | I29: =H29*N(G29)
A30: ='JUL-27'!A30 | C30: ='JUL-27'!C30 | D30: ='JUL-27'!D30 | E30: =C30*D30 | F30: =C30*'Parâmetros'!$I$2 | H30: =IF(F30=0,0,E30/F30) | I30: =H30*N(G30)
A31: TOTAIS | C31: =SUM(C25:C30) | E31: =SUM(E25:E30) | F31: =SUM(F25:F30) | G31: =SUM(G25:G30) | I31: =SUM(I25:I30)
A33: REEMBOLSO DE CRECHE
A34: Qtde contratada | C34: Valor estimado unitário | D34: Valor retido (mensal) | E34: Reembolsos aprovados | F34: Valor por dependente | G34: Total dos reembolsos | H34: Saldo acumulado
A35: =C31 | C35: ='JUL-27'!C35 | D35: =A35*C35 | E35: 0 | F35: ='JUL-27'!F35 | G35: =E35*F35 | H35: ='JUL-27'!H35+D35-G35
A36: Retido = qtde contratada × valor estimado unitário · Total = reembolsos aprovados × valor por dependente · Saldo = saldo do mês anterior + retido − total.
A38: APURAÇÃO DO VALOR A FATURAR
A39: MEDIÇÃO DOS SERVIÇOS | F39: VALOR LIBERADO PARA FATURAMENTO
A40: VALOR UNITÁRIO (planilha orçamentária) | D40: ='JUL-27'!D40 | F40: Valor dos serviços
A41: Dias Trabalhados no mês | D41: 25 | F41: Percentual de liberação (nota obtida) | I41: =I21
A42: Qtde contratada (soma dos postos) | D42: =C31 | F42: Subtotal dos serviços | I42: =I40*I41
A43: Serviço de mão-de-obra (total mensal ÷ 30 × dias) | D43: =E31/'Parâmetros'!$I$3*D41 | F43: Valor do desconto (nota) | I43: =I42-I40
A44: Serviço de engenharia ((qtd × unit.) ÷ 12 − mão-de-obra) | D44: =(G50*D40)/12-D43 | F44: Valor da GLOSA de mão-de-obra (faltas) | I44: =-I31
A45: Valor mensal do contrato (qtd × unit. ÷ 12) | D45: =(G50*D40)/12 | F45: Valor total dos descontos | I45: =I43+I44
F46: Valor Reembolso de creche (não sofre desconto) | I46: =G35
F47: Valor liberado para Faturamento | I47: =I42+I44+I46
A48: 📋 INSTRUMENTO DE COBRANÇA
A49: Item | B49: Descrição | G49: Qtde Faturada | I49: Valor Unit. Faturado (R$)
A50: 1 | B50: ='JUL-27'!B50 | G50: ='JUL-27'!G50 | I50: =IF(OR(I40="",G50=0),"",I40/G50)
A51: Qtde Faturada = QTD TOTAL da planilha orçamentária · Valor Unit. Faturado = valor dos serviços ÷ Qtde Faturada.
A53: OCORRÊNCIAS OBSERVADAS EM RELAÇÃO À CONTRATADA – JUSTIFICATIVAS DA AVALIAÇÃO
A60: CIENTE DO DIRETOR DA UNIDADE | F60: CIENTE DO FISCAL DO CONTRATO
A64: DATA: | F64: DATA:

Sheet SET-27
A1: UNIVERSIDADE FEDERAL DO RIO DE JANEIRO — PRÓ-REITORIA DE GESTÃO E GOVERNANÇA (PR-6)
A2: INSTRUMENTO DE MEDIÇÃO DE RESULTADO | H2: IMR Nº | I2: ='AGO-27'!I2
A3: OBJETO | B3: ='AGO-27'!B3
A4: EMPRESA | B4: ='AGO-27'!B4 | F4: CONTRATO | G4: ='AGO-27'!G4
A5: UNIDADE | B5: ='AGO-27'!B5 | F5: TERMO | G5: ='AGO-27'!G5
A6: MÊS/ANO | B6: =EDATE('AGO-27'!B6,1) | F6: FISCAL
A7: Preencha as células em amarelo. Pontuação, nota e valores são calculados automaticamente.
A8: AVALIAÇÃO DOS SERVIÇOS
A9: Cód. | B9: Indicador | G9: Avaliação correspondente | H9: Pontos | I9: Peso
A10: Módulo A — QUALIDADE DOS SERVIÇOS | I10: Peso 25
A11: A.1 | B11: CONFORMIDADE DOS EQUIPAMENTOS PARA EXECUÇÃO DOS SERVIÇOS | H11: =IFERROR(VLOOKUP(G11,'Parâmetros'!$A$2:$B$4,2,FALSE),0)
A12: A.2 | B12: CONFORMIDADE DOS SERVIÇOS EXECUTADOS COM AS ESPECIFICAÇÕES TÉCNICAS | H12: =IFERROR(VLOOKUP(G12,'Parâmetros'!$A$2:$B$4,2,FALSE),0)
A13: Pontuação total do Módulo A | H13: =SUM(H11:H12)
A14: Módulo B — EQUIPE DE TRABALHO | I14: Peso 25
A15: B.1 | B15: UNIFORMIZAÇÃO E EQUIPAMENTOS DE PROTEÇÃO INDIVIDUAL | H15: =IFERROR(VLOOKUP(G15,'Parâmetros'!$A$2:$B$4,2,FALSE),0)
A16: B.2 | B16: QUALIDADE DA EQUIPE | H16: =IFERROR(VLOOKUP(G16,'Parâmetros'!$A$2:$B$4,2,FALSE),0)
A17: Pontuação total do Módulo B | H17: =SUM(H15:H16)
A18: Módulo C — CUMPRIMENTO DO CRONOGRAMA | I18: Peso 25
A19: C.1 | B19: CUMPRIMENTO DO CRONOGRAMA E DAS ATIVIDADES | H19: =IFERROR(VLOOKUP(G19,'Parâmetros'!$A$2:$B$4,2,FALSE),0)
A20: Pontuação total do Módulo C | H20: =SUM(H19:H19)
A21: TOTAL DE PONTOS | C21: =(H11+H12+H15+H16+H19)/5 | D21: NOTA OBTIDA | F21: =VLOOKUP(C21,'Parâmetros'!$D$2:$F$8,2,TRUE) | G21: % DE LIBERAÇÃO | I21: =VLOOKUP(C21,'Parâmetros'!$D$2:$F$8,3,TRUE)
A23: MÃO DE OBRA COM DEDICAÇÃO EXCLUSIVA
A24: Categoria/Cargo | C24: Postos | D24: Valor Unitário (do posto) | E24: Valor Mensal (postos × unitário) | F24: Horas Contratadas | G24: Qtd. de faltas (em horas) | H24: Valor da Hora | I24: Valor com desconto
A25: ='AGO-27'!A25 | C25: ='AGO-27'!C25 | D25: ='AGO-27'!D25 | E25: =C25*D25 | F25: =C25*'Parâmetros'!$I$2 | H25: =IF(F25=0,0,E25/F25) | I25: =H25*N(G25)
A26: ='AGO-27'!A26 | C26: ='AGO-27'!C26 | D26: ='AGO-27'!D26 | E26: =C26*D26 | F26: =C26*'Parâmetros'!$I$2 | H26: =IF(F26=0,0,E26/F26) | I26: =H26*N(G26)
A27: ='AGO-27'!A27 | C27: ='AGO-27'!C27 | D27: ='AGO-27'!D27 | E27: =C27*D27 | F27: =C27*'Parâmetros'!$I$2 | H27: =IF(F27=0,0,E27/F27) | I27: =H27*N(G27)
A28: ='AGO-27'!A28 | C28: ='AGO-27'!C28 | D28: ='AGO-27'!D28 | E28: =C28*D28 | F28: =C28*'Parâmetros'!$I$2 | H28: =IF(F28=0,0,E28/F28) | I28: =H28*N(G28)
A29: ='AGO-27'!A29 | C29: ='AGO-27'!C29 | D29: ='AGO-27'!D29 | E29: =C29*D29 | F29: =C29*'Parâmetros'!$I$2 | H29: =IF(F29=0,0,E29/F29) | I29: =H29*N(G29)
A30: ='AGO-27'!A30 | C30: ='AGO-27'!C30 | D30: ='AGO-27'!D30 | E30: =C30*D30 | F30: =C30*'Parâmetros'!$I$2 | H30: =IF(F30=0,0,E30/F30) | I30: =H30*N(G30)
A31: TOTAIS | C31: =SUM(C25:C30) | E31: =SUM(E25:E30) | F31: =SUM(F25:F30) | G31: =SUM(G25:G30) | I31: =SUM(I25:I30)
A33: REEMBOLSO DE CRECHE
A34: Qtde contratada | C34: Valor estimado unitário | D34: Valor retido (mensal) | E34: Reembolsos aprovados | F34: Valor por dependente | G34: Total dos reembolsos | H34: Saldo acumulado
A35: =C31 | C35: ='AGO-27'!C35 | D35: =A35*C35 | E35: 0 | F35: ='AGO-27'!F35 | G35: =E35*F35 | H35: ='AGO-27'!H35+D35-G35
A36: Retido = qtde contratada × valor estimado unitário · Total = reembolsos aprovados × valor por dependente · Saldo = saldo do mês anterior + retido − total.
A38: APURAÇÃO DO VALOR A FATURAR
A39: MEDIÇÃO DOS SERVIÇOS | F39: VALOR LIBERADO PARA FATURAMENTO
A40: VALOR UNITÁRIO (planilha orçamentária) | D40: ='AGO-27'!D40 | F40: Valor dos serviços
A41: Dias Trabalhados no mês | D41: 25 | F41: Percentual de liberação (nota obtida) | I41: =I21
A42: Qtde contratada (soma dos postos) | D42: =C31 | F42: Subtotal dos serviços | I42: =I40*I41
A43: Serviço de mão-de-obra (total mensal ÷ 30 × dias) | D43: =E31/'Parâmetros'!$I$3*D41 | F43: Valor do desconto (nota) | I43: =I42-I40
A44: Serviço de engenharia ((qtd × unit.) ÷ 12 − mão-de-obra) | D44: =(G50*D40)/12-D43 | F44: Valor da GLOSA de mão-de-obra (faltas) | I44: =-I31
A45: Valor mensal do contrato (qtd × unit. ÷ 12) | D45: =(G50*D40)/12 | F45: Valor total dos descontos | I45: =I43+I44
F46: Valor Reembolso de creche (não sofre desconto) | I46: =G35
F47: Valor liberado para Faturamento | I47: =I42+I44+I46
A48: 📋 INSTRUMENTO DE COBRANÇA
A49: Item | B49: Descrição | G49: Qtde Faturada | I49: Valor Unit. Faturado (R$)
A50: 1 | B50: ='AGO-27'!B50 | G50: ='AGO-27'!G50 | I50: =IF(OR(I40="",G50=0),"",I40/G50)
A51: Qtde Faturada = QTD TOTAL da planilha orçamentária · Valor Unit. Faturado = valor dos serviços ÷ Qtde Faturada.
A53: OCORRÊNCIAS OBSERVADAS EM RELAÇÃO À CONTRATADA – JUSTIFICATIVAS DA AVALIAÇÃO
A60: CIENTE DO DIRETOR DA UNIDADE | F60: CIENTE DO FISCAL DO CONTRATO
A64: DATA: | F64: DATA:

Sheet OUT-27
A1: UNIVERSIDADE FEDERAL DO RIO DE JANEIRO — PRÓ-REITORIA DE GESTÃO E GOVERNANÇA (PR-6)
A2: INSTRUMENTO DE MEDIÇÃO DE RESULTADO | H2: IMR Nº | I2: ='SET-27'!I2
A3: OBJETO | B3: ='SET-27'!B3
A4: EMPRESA | B4: ='SET-27'!B4 | F4: CONTRATO | G4: ='SET-27'!G4
A5: UNIDADE | B5: ='SET-27'!B5 | F5: TERMO | G5: ='SET-27'!G5
A6: MÊS/ANO | B6: =EDATE('SET-27'!B6,1) | F6: FISCAL
A7: Preencha as células em amarelo. Pontuação, nota e valores são calculados automaticamente.
A8: AVALIAÇÃO DOS SERVIÇOS
A9: Cód. | B9: Indicador | G9: Avaliação correspondente | H9: Pontos | I9: Peso
A10: Módulo A — QUALIDADE DOS SERVIÇOS | I10: Peso 25
A11: A.1 | B11: CONFORMIDADE DOS EQUIPAMENTOS PARA EXECUÇÃO DOS SERVIÇOS | H11: =IFERROR(VLOOKUP(G11,'Parâmetros'!$A$2:$B$4,2,FALSE),0)
A12: A.2 | B12: CONFORMIDADE DOS SERVIÇOS EXECUTADOS COM AS ESPECIFICAÇÕES TÉCNICAS | H12: =IFERROR(VLOOKUP(G12,'Parâmetros'!$A$2:$B$4,2,FALSE),0)
A13: Pontuação total do Módulo A | H13: =SUM(H11:H12)
A14: Módulo B — EQUIPE DE TRABALHO | I14: Peso 25
A15: B.1 | B15: UNIFORMIZAÇÃO E EQUIPAMENTOS DE PROTEÇÃO INDIVIDUAL | H15: =IFERROR(VLOOKUP(G15,'Parâmetros'!$A$2:$B$4,2,FALSE),0)
A16: B.2 | B16: QUALIDADE DA EQUIPE | H16: =IFERROR(VLOOKUP(G16,'Parâmetros'!$A$2:$B$4,2,FALSE),0)
A17: Pontuação total do Módulo B | H17: =SUM(H15:H16)
A18: Módulo C — CUMPRIMENTO DO CRONOGRAMA | I18: Peso 25
A19: C.1 | B19: CUMPRIMENTO DO CRONOGRAMA E DAS ATIVIDADES | H19: =IFERROR(VLOOKUP(G19,'Parâmetros'!$A$2:$B$4,2,FALSE),0)
A20: Pontuação total do Módulo C | H20: =SUM(H19:H19)
A21: TOTAL DE PONTOS | C21: =(H11+H12+H15+H16+H19)/5 | D21: NOTA OBTIDA | F21: =VLOOKUP(C21,'Parâmetros'!$D$2:$F$8,2,TRUE) | G21: % DE LIBERAÇÃO | I21: =VLOOKUP(C21,'Parâmetros'!$D$2:$F$8,3,TRUE)
A23: MÃO DE OBRA COM DEDICAÇÃO EXCLUSIVA
A24: Categoria/Cargo | C24: Postos | D24: Valor Unitário (do posto) | E24: Valor Mensal (postos × unitário) | F24: Horas Contratadas | G24: Qtd. de faltas (em horas) | H24: Valor da Hora | I24: Valor com desconto
A25: ='SET-27'!A25 | C25: ='SET-27'!C25 | D25: ='SET-27'!D25 | E25: =C25*D25 | F25: =C25*'Parâmetros'!$I$2 | H25: =IF(F25=0,0,E25/F25) | I25: =H25*N(G25)
A26: ='SET-27'!A26 | C26: ='SET-27'!C26 | D26: ='SET-27'!D26 | E26: =C26*D26 | F26: =C26*'Parâmetros'!$I$2 | H26: =IF(F26=0,0,E26/F26) | I26: =H26*N(G26)
A27: ='SET-27'!A27 | C27: ='SET-27'!C27 | D27: ='SET-27'!D27 | E27: =C27*D27 | F27: =C27*'Parâmetros'!$I$2 | H27: =IF(F27=0,0,E27/F27) | I27: =H27*N(G27)
A28: ='SET-27'!A28 | C28: ='SET-27'!C28 | D28: ='SET-27'!D28 | E28: =C28*D28 | F28: =C28*'Parâmetros'!$I$2 | H28: =IF(F28=0,0,E28/F28) | I28: =H28*N(G28)
A29: ='SET-27'!A29 | C29: ='SET-27'!C29 | D29: ='SET-27'!D29 | E29: =C29*D29 | F29: =C29*'Parâmetros'!$I$2 | H29: =IF(F29=0,0,E29/F29) | I29: =H29*N(G29)
A30: ='SET-27'!A30 | C30: ='SET-27'!C30 | D30: ='SET-27'!D30 | E30: =C30*D30 | F30: =C30*'Parâmetros'!$I$2 | H30: =IF(F30=0,0,E30/F30) | I30: =H30*N(G30)
A31: TOTAIS | C31: =SUM(C25:C30) | E31: =SUM(E25:E30) | F31: =SUM(F25:F30) | G31: =SUM(G25:G30) | I31: =SUM(I25:I30)
A33: REEMBOLSO DE CRECHE
A34: Qtde contratada | C34: Valor estimado unitário | D34: Valor retido (mensal) | E34: Reembolsos aprovados | F34: Valor por dependente | G34: Total dos reembolsos | H34: Saldo acumulado
A35: =C31 | C35: ='SET-27'!C35 | D35: =A35*C35 | E35: 0 | F35: ='SET-27'!F35 | G35: =E35*F35 | H35: ='SET-27'!H35+D35-G35
A36: Retido = qtde contratada × valor estimado unitário · Total = reembolsos aprovados × valor por dependente · Saldo = saldo do mês anterior + retido − total.
A38: APURAÇÃO DO VALOR A FATURAR
A39: MEDIÇÃO DOS SERVIÇOS | F39: VALOR LIBERADO PARA FATURAMENTO
A40: VALOR UNITÁRIO (planilha orçamentária) | D40: ='SET-27'!D40 | F40: Valor dos serviços
A41: Dias Trabalhados no mês | D41: 25 | F41: Percentual de liberação (nota obtida) | I41: =I21
A42: Qtde contratada (soma dos postos) | D42: =C31 | F42: Subtotal dos serviços | I42: =I40*I41
A43: Serviço de mão-de-obra (total mensal ÷ 30 × dias) | D43: =E31/'Parâmetros'!$I$3*D41 | F43: Valor do desconto (nota) | I43: =I42-I40
A44: Serviço de engenharia ((qtd × unit.) ÷ 12 − mão-de-obra) | D44: =(G50*D40)/12-D43 | F44: Valor da GLOSA de mão-de-obra (faltas) | I44: =-I31
A45: Valor mensal do contrato (qtd × unit. ÷ 12) | D45: =(G50*D40)/12 | F45: Valor total dos descontos | I45: =I43+I44
F46: Valor Reembolso de creche (não sofre desconto) | I46: =G35
F47: Valor liberado para Faturamento | I47: =I42+I44+I46
A48: 📋 INSTRUMENTO DE COBRANÇA
A49: Item | B49: Descrição | G49: Qtde Faturada | I49: Valor Unit. Faturado (R$)
A50: 1 | B50: ='SET-27'!B50 | G50: ='SET-27'!G50 | I50: =IF(OR(I40="",G50=0),"",I40/G50)
A51: Qtde Faturada = QTD TOTAL da planilha orçamentária · Valor Unit. Faturado = valor dos serviços ÷ Qtde Faturada.
A53: OCORRÊNCIAS OBSERVADAS EM RELAÇÃO À CONTRATADA – JUSTIFICATIVAS DA AVALIAÇÃO
A60: CIENTE DO DIRETOR DA UNIDADE | F60: CIENTE DO FISCAL DO CONTRATO
A64: DATA: | F64: DATA:

Sheet NOV-27
A1: UNIVERSIDADE FEDERAL DO RIO DE JANEIRO — PRÓ-REITORIA DE GESTÃO E GOVERNANÇA (PR-6)
A2: INSTRUMENTO DE MEDIÇÃO DE RESULTADO | H2: IMR Nº | I2: ='OUT-27'!I2
A3: OBJETO | B3: ='OUT-27'!B3
A4: EMPRESA | B4: ='OUT-27'!B4 | F4: CONTRATO | G4: ='OUT-27'!G4
A5: UNIDADE | B5: ='OUT-27'!B5 | F5: TERMO | G5: ='OUT-27'!G5
A6: MÊS/ANO | B6: =EDATE('OUT-27'!B6,1) | F6: FISCAL
A7: Preencha as células em amarelo. Pontuação, nota e valores são calculados automaticamente.
A8: AVALIAÇÃO DOS SERVIÇOS
A9: Cód. | B9: Indicador | G9: Avaliação correspondente | H9: Pontos | I9: Peso
A10: Módulo A — QUALIDADE DOS SERVIÇOS | I10: Peso 25
A11: A.1 | B11: CONFORMIDADE DOS EQUIPAMENTOS PARA EXECUÇÃO DOS SERVIÇOS | H11: =IFERROR(VLOOKUP(G11,'Parâmetros'!$A$2:$B$4,2,FALSE),0)
A12: A.2 | B12: CONFORMIDADE DOS SERVIÇOS EXECUTADOS COM AS ESPECIFICAÇÕES TÉCNICAS | H12: =IFERROR(VLOOKUP(G12,'Parâmetros'!$A$2:$B$4,2,FALSE),0)
A13: Pontuação total do Módulo A | H13: =SUM(H11:H12)
A14: Módulo B — EQUIPE DE TRABALHO | I14: Peso 25
A15: B.1 | B15: UNIFORMIZAÇÃO E EQUIPAMENTOS DE PROTEÇÃO INDIVIDUAL | H15: =IFERROR(VLOOKUP(G15,'Parâmetros'!$A$2:$B$4,2,FALSE),0)
A16: B.2 | B16: QUALIDADE DA EQUIPE | H16: =IFERROR(VLOOKUP(G16,'Parâmetros'!$A$2:$B$4,2,FALSE),0)
A17: Pontuação total do Módulo B | H17: =SUM(H15:H16)
A18: Módulo C — CUMPRIMENTO DO CRONOGRAMA | I18: Peso 25
A19: C.1 | B19: CUMPRIMENTO DO CRONOGRAMA E DAS ATIVIDADES | H19: =IFERROR(VLOOKUP(G19,'Parâmetros'!$A$2:$B$4,2,FALSE),0)
A20: Pontuação total do Módulo C | H20: =SUM(H19:H19)
A21: TOTAL DE PONTOS | C21: =(H11+H12+H15+H16+H19)/5 | D21: NOTA OBTIDA | F21: =VLOOKUP(C21,'Parâmetros'!$D$2:$F$8,2,TRUE) | G21: % DE LIBERAÇÃO | I21: =VLOOKUP(C21,'Parâmetros'!$D$2:$F$8,3,TRUE)
A23: MÃO DE OBRA COM DEDICAÇÃO EXCLUSIVA
A24: Categoria/Cargo | C24: Postos | D24: Valor Unitário (do posto) | E24: Valor Mensal (postos × unitário) | F24: Horas Contratadas | G24: Qtd. de faltas (em horas) | H24: Valor da Hora | I24: Valor com desconto
A25: ='OUT-27'!A25 | C25: ='OUT-27'!C25 | D25: ='OUT-27'!D25 | E25: =C25*D25 | F25: =C25*'Parâmetros'!$I$2 | H25: =IF(F25=0,0,E25/F25) | I25: =H25*N(G25)
A26: ='OUT-27'!A26 | C26: ='OUT-27'!C26 | D26: ='OUT-27'!D26 | E26: =C26*D26 | F26: =C26*'Parâmetros'!$I$2 | H26: =IF(F26=0,0,E26/F26) | I26: =H26*N(G26)
A27: ='OUT-27'!A27 | C27: ='OUT-27'!C27 | D27: ='OUT-27'!D27 | E27: =C27*D27 | F27: =C27*'Parâmetros'!$I$2 | H27: =IF(F27=0,0,E27/F27) | I27: =H27*N(G27)
A28: ='OUT-27'!A28 | C28: ='OUT-27'!C28 | D28: ='OUT-27'!D28 | E28: =C28*D28 | F28: =C28*'Parâmetros'!$I$2 | H28: =IF(F28=0,0,E28/F28) | I28: =H28*N(G28)
A29: ='OUT-27'!A29 | C29: ='OUT-27'!C29 | D29: ='OUT-27'!D29 | E29: =C29*D29 | F29: =C29*'Parâmetros'!$I$2 | H29: =IF(F29=0,0,E29/F29) | I29: =H29*N(G29)
A30: ='OUT-27'!A30 | C30: ='OUT-27'!C30 | D30: ='OUT-27'!D30 | E30: =C30*D30 | F30: =C30*'Parâmetros'!$I$2 | H30: =IF(F30=0,0,E30/F30) | I30: =H30*N(G30)
A31: TOTAIS | C31: =SUM(C25:C30) | E31: =SUM(E25:E30) | F31: =SUM(F25:F30) | G31: =SUM(G25:G30) | I31: =SUM(I25:I30)
A33: REEMBOLSO DE CRECHE
A34: Qtde contratada | C34: Valor estimado unitário | D34: Valor retido (mensal) | E34: Reembolsos aprovados | F34: Valor por dependente | G34: Total dos reembolsos | H34: Saldo acumulado
A35: =C31 | C35: ='OUT-27'!C35 | D35: =A35*C35 | E35: 0 | F35: ='OUT-27'!F35 | G35: =E35*F35 | H35: ='OUT-27'!H35+D35-G35
A36: Retido = qtde contratada × valor estimado unitário · Total = reembolsos aprovados × valor por dependente · Saldo = saldo do mês anterior + retido − total.
A38: APURAÇÃO DO VALOR A FATURAR
A39: MEDIÇÃO DOS SERVIÇOS | F39: VALOR LIBERADO PARA FATURAMENTO
A40: VALOR UNITÁRIO (planilha orçamentária) | D40: ='OUT-27'!D40 | F40: Valor dos serviços
A41: Dias Trabalhados no mês | D41: 25 | F41: Percentual de liberação (nota obtida) | I41: =I21
A42: Qtde contratada (soma dos postos) | D42: =C31 | F42: Subtotal dos serviços | I42: =I40*I41
A43: Serviço de mão-de-obra (total mensal ÷ 30 × dias) | D43: =E31/'Parâmetros'!$I$3*D41 | F43: Valor do desconto (nota) | I43: =I42-I40
A44: Serviço de engenharia ((qtd × unit.) ÷ 12 − mão-de-obra) | D44: =(G50*D40)/12-D43 | F44: Valor da GLOSA de mão-de-obra (faltas) | I44: =-I31
A45: Valor mensal do contrato (qtd × unit. ÷ 12) | D45: =(G50*D40)/12 | F45: Valor total dos descontos | I45: =I43+I44
F46: Valor Reembolso de creche (não sofre desconto) | I46: =G35
F47: Valor liberado para Faturamento | I47: =I42+I44+I46
A48: 📋 INSTRUMENTO DE COBRANÇA
A49: Item | B49: Descrição | G49: Qtde Faturada | I49: Valor Unit. Faturado (R$)
A50: 1 | B50: ='OUT-27'!B50 | G50: ='OUT-27'!G50 | I50: =IF(OR(I40="",G50=0),"",I40/G50)
A51: Qtde Faturada = QTD TOTAL da planilha orçamentária · Valor Unit. Faturado = valor dos serviços ÷ Qtde Faturada.
A53: OCORRÊNCIAS OBSERVADAS EM RELAÇÃO À CONTRATADA – JUSTIFICATIVAS DA AVALIAÇÃO
A60: CIENTE DO DIRETOR DA UNIDADE | F60: CIENTE DO FISCAL DO CONTRATO
A64: DATA: | F64: DATA:

Sheet DEZ-27
A1: UNIVERSIDADE FEDERAL DO RIO DE JANEIRO — PRÓ-REITORIA DE GESTÃO E GOVERNANÇA (PR-6)
A2: INSTRUMENTO DE MEDIÇÃO DE RESULTADO | H2: IMR Nº | I2: ='NOV-27'!I2
A3: OBJETO | B3: ='NOV-27'!B3
A4: EMPRESA | B4: ='NOV-27'!B4 | F4: CONTRATO | G4: ='NOV-27'!G4
A5: UNIDADE | B5: ='NOV-27'!B5 | F5: TERMO | G5: ='NOV-27'!G5
A6: MÊS/ANO | B6: =EDATE('NOV-27'!B6,1) | F6: FISCAL
A7: Preencha as células em amarelo. Pontuação, nota e valores são calculados automaticamente.
A8: AVALIAÇÃO DOS SERVIÇOS
A9: Cód. | B9: Indicador | G9: Avaliação correspondente | H9: Pontos | I9: Peso
A10: Módulo A — QUALIDADE DOS SERVIÇOS | I10: Peso 25
A11: A.1 | B11: CONFORMIDADE DOS EQUIPAMENTOS PARA EXECUÇÃO DOS SERVIÇOS | H11: =IFERROR(VLOOKUP(G11,'Parâmetros'!$A$2:$B$4,2,FALSE),0)
A12: A.2 | B12: CONFORMIDADE DOS SERVIÇOS EXECUTADOS COM AS ESPECIFICAÇÕES TÉCNICAS | H12: =IFERROR(VLOOKUP(G12,'Parâmetros'!$A$2:$B$4,2,FALSE),0)
A13: Pontuação total do Módulo A | H13: =SUM(H11:H12)
A14: Módulo B — EQUIPE DE TRABALHO | I14: Peso 25
A15: B.1 | B15: UNIFORMIZAÇÃO E EQUIPAMENTOS DE PROTEÇÃO INDIVIDUAL | H15: =IFERROR(VLOOKUP(G15,'Parâmetros'!$A$2:$B$4,2,FALSE),0)
A16: B.2 | B16: QUALIDADE DA EQUIPE | H16: =IFERROR(VLOOKUP(G16,'Parâmetros'!$A$2:$B$4,2,FALSE),0)
A17: Pontuação total do Módulo B | H17: =SUM(H15:H16)
A18: Módulo C — CUMPRIMENTO DO CRONOGRAMA | I18: Peso 25
A19: C.1 | B19: CUMPRIMENTO DO CRONOGRAMA E DAS ATIVIDADES | H19: =IFERROR(VLOOKUP(G19,'Parâmetros'!$A$2:$B$4,2,FALSE),0)
A20: Pontuação total do Módulo C | H20: =SUM(H19:H19)
A21: TOTAL DE PONTOS | C21: =(H11+H12+H15+H16+H19)/5 | D21: NOTA OBTIDA | F21: =VLOOKUP(C21,'Parâmetros'!$D$2:$F$8,2,TRUE) | G21: % DE LIBERAÇÃO | I21: =VLOOKUP(C21,'Parâmetros'!$D$2:$F$8,3,TRUE)
A23: MÃO DE OBRA COM DEDICAÇÃO EXCLUSIVA
A24: Categoria/Cargo | C24: Postos | D24: Valor Unitário (do posto) | E24: Valor Mensal (postos × unitário) | F24: Horas Contratadas | G24: Qtd. de faltas (em horas) | H24: Valor da Hora | I24: Valor com desconto
A25: ='NOV-27'!A25 | C25: ='NOV-27'!C25 | D25: ='NOV-27'!D25 | E25: =C25*D25 | F25: =C25*'Parâmetros'!$I$2 | H25: =IF(F25=0,0,E25/F25) | I25: =H25*N(G25)
A26: ='NOV-27'!A26 | C26: ='NOV-27'!C26 | D26: ='NOV-27'!D26 | E26: =C26*D26 | F26: =C26*'Parâmetros'!$I$2 | H26: =IF(F26=0,0,E26/F26) | I26: =H26*N(G26)
A27: ='NOV-27'!A27 | C27: ='NOV-27'!C27 | D27: ='NOV-27'!D27 | E27: =C27*D27 | F27: =C27*'Parâmetros'!$I$2 | H27: =IF(F27=0,0,E27/F27) | I27: =H27*N(G27)
A28: ='NOV-27'!A28 | C28: ='NOV-27'!C28 | D28: ='NOV-27'!D28 | E28: =C28*D28 | F28: =C28*'Parâmetros'!$I$2 | H28: =IF(F28=0,0,E28/F28) | I28: =H28*N(G28)
A29: ='NOV-27'!A29 | C29: ='NOV-27'!C29 | D29: ='NOV-27'!D29 | E29: =C29*D29 | F29: =C29*'Parâmetros'!$I$2 | H29: =IF(F29=0,0,E29/F29) | I29: =H29*N(G29)
A30: ='NOV-27'!A30 | C30: ='NOV-27'!C30 | D30: ='NOV-27'!D30 | E30: =C30*D30 | F30: =C30*'Parâmetros'!$I$2 | H30: =IF(F30=0,0,E30/F30) | I30: =H30*N(G30)
A31: TOTAIS | C31: =SUM(C25:C30) | E31: =SUM(E25:E30) | F31: =SUM(F25:F30) | G31: =SUM(G25:G30) | I31: =SUM(I25:I30)
A33: REEMBOLSO DE CRECHE
A34: Qtde contratada | C34: Valor estimado unitário | D34: Valor retido (mensal) | E34: Reembolsos aprovados | F34: Valor por dependente | G34: Total dos reembolsos | H34: Saldo acumulado
A35: =C31 | C35: ='NOV-27'!C35 | D35: =A35*C35 | E35: 0 | F35: ='NOV-27'!F35 | G35: =E35*F35 | H35: ='NOV-27'!H35+D35-G35
A36: Retido = qtde contratada × valor estimado unitário · Total = reembolsos aprovados × valor por dependente · Saldo = saldo do mês anterior + retido − total.
A38: APURAÇÃO DO VALOR A FATURAR
A39: MEDIÇÃO DOS SERVIÇOS | F39: VALOR LIBERADO PARA FATURAMENTO
A40: VALOR UNITÁRIO (planilha orçamentária) | D40: ='NOV-27'!D40 | F40: Valor dos serviços
A41: Dias Trabalhados no mês | D41: 25 | F41: Percentual de liberação (nota obtida) | I41: =I21
A42: Qtde contratada (soma dos postos) | D42: =C31 | F42: Subtotal dos serviços | I42: =I40*I41
A43: Serviço de mão-de-obra (total mensal ÷ 30 × dias) | D43: =E31/'Parâmetros'!$I$3*D41 | F43: Valor do desconto (nota) | I43: =I42-I40
A44: Serviço de engenharia ((qtd × unit.) ÷ 12 − mão-de-obra) | D44: =(G50*D40)/12-D43 | F44: Valor da GLOSA de mão-de-obra (faltas) | I44: =-I31
A45: Valor mensal do contrato (qtd × unit. ÷ 12) | D45: =(G50*D40)/12 | F45: Valor total dos descontos | I45: =I43+I44
F46: Valor Reembolso de creche (não sofre desconto) | I46: =G35
F47: Valor liberado para Faturamento | I47: =I42+I44+I46
A48: 📋 INSTRUMENTO DE COBRANÇA
A49: Item | B49: Descrição | G49: Qtde Faturada | I49: Valor Unit. Faturado (R$)
A50: 1 | B50: ='NOV-27'!B50 | G50: ='NOV-27'!G50 | I50: =IF(OR(I40="",G50=0),"",I40/G50)
A51: Qtde Faturada = QTD TOTAL da planilha orçamentária · Valor Unit. Faturado = valor dos serviços ÷ Qtde Faturada.
A53: OCORRÊNCIAS OBSERVADAS EM RELAÇÃO À CONTRATADA – JUSTIFICATIVAS DA AVALIAÇÃO
A60: CIENTE DO DIRETOR DA UNIDADE | F60: CIENTE DO FISCAL DO CONTRATO
A64: DATA: | F64: DATA:

Sheet JAN-28
A1: UNIVERSIDADE FEDERAL DO RIO DE JANEIRO — PRÓ-REITORIA DE GESTÃO E GOVERNANÇA (PR-6)
A2: INSTRUMENTO DE MEDIÇÃO DE RESULTADO | H2: IMR Nº | I2: ='DEZ-27'!I2
A3: OBJETO | B3: ='DEZ-27'!B3
A4: EMPRESA | B4: ='DEZ-27'!B4 | F4: CONTRATO | G4: ='DEZ-27'!G4
A5: UNIDADE | B5: ='DEZ-27'!B5 | F5: TERMO | G5: ='DEZ-27'!G5
A6: MÊS/ANO | B6: =EDATE('DEZ-27'!B6,1) | F6: FISCAL
A7: Preencha as células em amarelo. Pontuação, nota e valores são calculados automaticamente.
A8: AVALIAÇÃO DOS SERVIÇOS
A9: Cód. | B9: Indicador | G9: Avaliação correspondente | H9: Pontos | I9: Peso
A10: Módulo A — QUALIDADE DOS SERVIÇOS | I10: Peso 25
A11: A.1 | B11: CONFORMIDADE DOS EQUIPAMENTOS PARA EXECUÇÃO DOS SERVIÇOS | H11: =IFERROR(VLOOKUP(G11,'Parâmetros'!$A$2:$B$4,2,FALSE),0)
A12: A.2 | B12: CONFORMIDADE DOS SERVIÇOS EXECUTADOS COM AS ESPECIFICAÇÕES TÉCNICAS | H12: =IFERROR(VLOOKUP(G12,'Parâmetros'!$A$2:$B$4,2,FALSE),0)
A13: Pontuação total do Módulo A | H13: =SUM(H11:H12)
A14: Módulo B — EQUIPE DE TRABALHO | I14: Peso 25
A15: B.1 | B15: UNIFORMIZAÇÃO E EQUIPAMENTOS DE PROTEÇÃO INDIVIDUAL | H15: =IFERROR(VLOOKUP(G15,'Parâmetros'!$A$2:$B$4,2,FALSE),0)
A16: B.2 | B16: QUALIDADE DA EQUIPE | H16: =IFERROR(VLOOKUP(G16,'Parâmetros'!$A$2:$B$4,2,FALSE),0)
A17: Pontuação total do Módulo B | H17: =SUM(H15:H16)
A18: Módulo C — CUMPRIMENTO DO CRONOGRAMA | I18: Peso 25
A19: C.1 | B19: CUMPRIMENTO DO CRONOGRAMA E DAS ATIVIDADES | H19: =IFERROR(VLOOKUP(G19,'Parâmetros'!$A$2:$B$4,2,FALSE),0)
A20: Pontuação total do Módulo C | H20: =SUM(H19:H19)
A21: TOTAL DE PONTOS | C21: =(H11+H12+H15+H16+H19)/5 | D21: NOTA OBTIDA | F21: =VLOOKUP(C21,'Parâmetros'!$D$2:$F$8,2,TRUE) | G21: % DE LIBERAÇÃO | I21: =VLOOKUP(C21,'Parâmetros'!$D$2:$F$8,3,TRUE)
A23: MÃO DE OBRA COM DEDICAÇÃO EXCLUSIVA
A24: Categoria/Cargo | C24: Postos | D24: Valor Unitário (do posto) | E24: Valor Mensal (postos × unitário) | F24: Horas Contratadas | G24: Qtd. de faltas (em horas) | H24: Valor da Hora | I24: Valor com desconto
A25: ='DEZ-27'!A25 | C25: ='DEZ-27'!C25 | D25: ='DEZ-27'!D25 | E25: =C25*D25 | F25: =C25*'Parâmetros'!$I$2 | H25: =IF(F25=0,0,E25/F25) | I25: =H25*N(G25)
A26: ='DEZ-27'!A26 | C26: ='DEZ-27'!C26 | D26: ='DEZ-27'!D26 | E26: =C26*D26 | F26: =C26*'Parâmetros'!$I$2 | H26: =IF(F26=0,0,E26/F26) | I26: =H26*N(G26)
A27: ='DEZ-27'!A27 | C27: ='DEZ-27'!C27 | D27: ='DEZ-27'!D27 | E27: =C27*D27 | F27: =C27*'Parâmetros'!$I$2 | H27: =IF(F27=0,0,E27/F27) | I27: =H27*N(G27)
A28: ='DEZ-27'!A28 | C28: ='DEZ-27'!C28 | D28: ='DEZ-27'!D28 | E28: =C28*D28 | F28: =C28*'Parâmetros'!$I$2 | H28: =IF(F28=0,0,E28/F28) | I28: =H28*N(G28)
A29: ='DEZ-27'!A29 | C29: ='DEZ-27'!C29 | D29: ='DEZ-27'!D29 | E29: =C29*D29 | F29: =C29*'Parâmetros'!$I$2 | H29: =IF(F29=0,0,E29/F29) | I29: =H29*N(G29)
A30: ='DEZ-27'!A30 | C30: ='DEZ-27'!C30 | D30: ='DEZ-27'!D30 | E30: =C30*D30 | F30: =C30*'Parâmetros'!$I$2 | H30: =IF(F30=0,0,E30/F30) | I30: =H30*N(G30)
A31: TOTAIS | C31: =SUM(C25:C30) | E31: =SUM(E25:E30) | F31: =SUM(F25:F30) | G31: =SUM(G25:G30) | I31: =SUM(I25:I30)
A33: REEMBOLSO DE CRECHE
A34: Qtde contratada | C34: Valor estimado unitário | D34: Valor retido (mensal) | E34: Reembolsos aprovados | F34: Valor por dependente | G34: Total dos reembolsos | H34: Saldo acumulado
A35: =C31 | C35: ='DEZ-27'!C35 | D35: =A35*C35 | E35: 0 | F35: ='DEZ-27'!F35 | G35: =E35*F35 | H35: ='DEZ-27'!H35+D35-G35
A36: Retido = qtde contratada × valor estimado unitário · Total = reembolsos aprovados × valor por dependente · Saldo = saldo do mês anterior + retido − total.
A38: APURAÇÃO DO VALOR A FATURAR
A39: MEDIÇÃO DOS SERVIÇOS | F39: VALOR LIBERADO PARA FATURAMENTO
A40: VALOR UNITÁRIO (planilha orçamentária) | D40: ='DEZ-27'!D40 | F40: Valor dos serviços
A41: Dias Trabalhados no mês | D41: 25 | F41: Percentual de liberação (nota obtida) | I41: =I21
A42: Qtde contratada (soma dos postos) | D42: =C31 | F42: Subtotal dos serviços | I42: =I40*I41
A43: Serviço de mão-de-obra (total mensal ÷ 30 × dias) | D43: =E31/'Parâmetros'!$I$3*D41 | F43: Valor do desconto (nota) | I43: =I42-I40
A44: Serviço de engenharia ((qtd × unit.) ÷ 12 − mão-de-obra) | D44: =(G50*D40)/12-D43 | F44: Valor da GLOSA de mão-de-obra (faltas) | I44: =-I31
A45: Valor mensal do contrato (qtd × unit. ÷ 12) | D45: =(G50*D40)/12 | F45: Valor total dos descontos | I45: =I43+I44
F46: Valor Reembolso de creche (não sofre desconto) | I46: =G35
F47: Valor liberado para Faturamento | I47: =I42+I44+I46
A48: 📋 INSTRUMENTO DE COBRANÇA
A49: Item | B49: Descrição | G49: Qtde Faturada | I49: Valor Unit. Faturado (R$)
A50: 1 | B50: ='DEZ-27'!B50 | G50: ='DEZ-27'!G50 | I50: =IF(OR(I40="",G50=0),"",I40/G50)
A51: Qtde Faturada = QTD TOTAL da planilha orçamentária · Valor Unit. Faturado = valor dos serviços ÷ Qtde Faturada.
A53: OCORRÊNCIAS OBSERVADAS EM RELAÇÃO À CONTRATADA – JUSTIFICATIVAS DA AVALIAÇÃO
A60: CIENTE DO DIRETOR DA UNIDADE | F60: CIENTE DO FISCAL DO CONTRATO
A64: DATA: | F64: DATA:

Sheet FEV-28
A1: UNIVERSIDADE FEDERAL DO RIO DE JANEIRO — PRÓ-REITORIA DE GESTÃO E GOVERNANÇA (PR-6)
A2: INSTRUMENTO DE MEDIÇÃO DE RESULTADO | H2: IMR Nº | I2: ='JAN-28'!I2
A3: OBJETO | B3: ='JAN-28'!B3
A4: EMPRESA | B4: ='JAN-28'!B4 | F4: CONTRATO | G4: ='JAN-28'!G4
A5: UNIDADE | B5: ='JAN-28'!B5 | F5: TERMO | G5: ='JAN-28'!G5
A6: MÊS/ANO | B6: =EDATE('JAN-28'!B6,1) | F6: FISCAL
A7: Preencha as células em amarelo. Pontuação, nota e valores são calculados automaticamente.
A8: AVALIAÇÃO DOS SERVIÇOS
A9: Cód. | B9: Indicador | G9: Avaliação correspondente | H9: Pontos | I9: Peso
A10: Módulo A — QUALIDADE DOS SERVIÇOS | I10: Peso 25
A11: A.1 | B11: CONFORMIDADE DOS EQUIPAMENTOS PARA EXECUÇÃO DOS SERVIÇOS | H11: =IFERROR(VLOOKUP(G11,'Parâmetros'!$A$2:$B$4,2,FALSE),0)
A12: A.2 | B12: CONFORMIDADE DOS SERVIÇOS EXECUTADOS COM AS ESPECIFICAÇÕES TÉCNICAS | H12: =IFERROR(VLOOKUP(G12,'Parâmetros'!$A$2:$B$4,2,FALSE),0)
A13: Pontuação total do Módulo A | H13: =SUM(H11:H12)
A14: Módulo B — EQUIPE DE TRABALHO | I14: Peso 25
A15: B.1 | B15: UNIFORMIZAÇÃO E EQUIPAMENTOS DE PROTEÇÃO INDIVIDUAL | H15: =IFERROR(VLOOKUP(G15,'Parâmetros'!$A$2:$B$4,2,FALSE),0)
A16: B.2 | B16: QUALIDADE DA EQUIPE | H16: =IFERROR(VLOOKUP(G16,'Parâmetros'!$A$2:$B$4,2,FALSE),0)
A17: Pontuação total do Módulo B | H17: =SUM(H15:H16)
A18: Módulo C — CUMPRIMENTO DO CRONOGRAMA | I18: Peso 25
A19: C.1 | B19: CUMPRIMENTO DO CRONOGRAMA E DAS ATIVIDADES | H19: =IFERROR(VLOOKUP(G19,'Parâmetros'!$A$2:$B$4,2,FALSE),0)
A20: Pontuação total do Módulo C | H20: =SUM(H19:H19)
A21: TOTAL DE PONTOS | C21: =(H11+H12+H15+H16+H19)/5 | D21: NOTA OBTIDA | F21: =VLOOKUP(C21,'Parâmetros'!$D$2:$F$8,2,TRUE) | G21: % DE LIBERAÇÃO | I21: =VLOOKUP(C21,'Parâmetros'!$D$2:$F$8,3,TRUE)
A23: MÃO DE OBRA COM DEDICAÇÃO EXCLUSIVA
A24: Categoria/Cargo | C24: Postos | D24: Valor Unitário (do posto) | E24: Valor Mensal (postos × unitário) | F24: Horas Contratadas | G24: Qtd. de faltas (em horas) | H24: Valor da Hora | I24: Valor com desconto
A25: ='JAN-28'!A25 | C25: ='JAN-28'!C25 | D25: ='JAN-28'!D25 | E25: =C25*D25 | F25: =C25*'Parâmetros'!$I$2 | H25: =IF(F25=0,0,E25/F25) | I25: =H25*N(G25)
A26: ='JAN-28'!A26 | C26: ='JAN-28'!C26 | D26: ='JAN-28'!D26 | E26: =C26*D26 | F26: =C26*'Parâmetros'!$I$2 | H26: =IF(F26=0,0,E26/F26) | I26: =H26*N(G26)
A27: ='JAN-28'!A27 | C27: ='JAN-28'!C27 | D27: ='JAN-28'!D27 | E27: =C27*D27 | F27: =C27*'Parâmetros'!$I$2 | H27: =IF(F27=0,0,E27/F27) | I27: =H27*N(G27)
A28: ='JAN-28'!A28 | C28: ='JAN-28'!C28 | D28: ='JAN-28'!D28 | E28: =C28*D28 | F28: =C28*'Parâmetros'!$I$2 | H28: =IF(F28=0,0,E28/F28) | I28: =H28*N(G28)
A29: ='JAN-28'!A29 | C29: ='JAN-28'!C29 | D29: ='JAN-28'!D29 | E29: =C29*D29 | F29: =C29*'Parâmetros'!$I$2 | H29: =IF(F29=0,0,E29/F29) | I29: =H29*N(G29)
A30: ='JAN-28'!A30 | C30: ='JAN-28'!C30 | D30: ='JAN-28'!D30 | E30: =C30*D30 | F30: =C30*'Parâmetros'!$I$2 | H30: =IF(F30=0,0,E30/F30) | I30: =H30*N(G30)
A31: TOTAIS | C31: =SUM(C25:C30) | E31: =SUM(E25:E30) | F31: =SUM(F25:F30) | G31: =SUM(G25:G30) | I31: =SUM(I25:I30)
A33: REEMBOLSO DE CRECHE
A34: Qtde contratada | C34: Valor estimado unitário | D34: Valor retido (mensal) | E34: Reembolsos aprovados | F34: Valor por dependente | G34: Total dos reembolsos | H34: Saldo acumulado
A35: =C31 | C35: ='JAN-28'!C35 | D35: =A35*C35 | E35: 0 | F35: ='JAN-28'!F35 | G35: =E35*F35 | H35: ='JAN-28'!H35+D35-G35
A36: Retido = qtde contratada × valor estimado unitário · Total = reembolsos aprovados × valor por dependente · Saldo = saldo do mês anterior + retido − total.
A38: APURAÇÃO DO VALOR A FATURAR
A39: MEDIÇÃO DOS SERVIÇOS | F39: VALOR LIBERADO PARA FATURAMENTO
A40: VALOR UNITÁRIO (planilha orçamentária) | D40: ='JAN-28'!D40 | F40: Valor dos serviços
A41: Dias Trabalhados no mês | D41: 25 | F41: Percentual de liberação (nota obtida) | I41: =I21
A42: Qtde contratada (soma dos postos) | D42: =C31 | F42: Subtotal dos serviços | I42: =I40*I41
A43: Serviço de mão-de-obra (total mensal ÷ 30 × dias) | D43: =E31/'Parâmetros'!$I$3*D41 | F43: Valor do desconto (nota) | I43: =I42-I40
A44: Serviço de engenharia ((qtd × unit.) ÷ 12 − mão-de-obra) | D44: =(G50*D40)/12-D43 | F44: Valor da GLOSA de mão-de-obra (faltas) | I44: =-I31
A45: Valor mensal do contrato (qtd × unit. ÷ 12) | D45: =(G50*D40)/12 | F45: Valor total dos descontos | I45: =I43+I44
F46: Valor Reembolso de creche (não sofre desconto) | I46: =G35
F47: Valor liberado para Faturamento | I47: =I42+I44+I46
A48: 📋 INSTRUMENTO DE COBRANÇA
A49: Item | B49: Descrição | G49: Qtde Faturada | I49: Valor Unit. Faturado (R$)
A50: 1 | B50: ='JAN-28'!B50 | G50: ='JAN-28'!G50 | I50: =IF(OR(I40="",G50=0),"",I40/G50)
A51: Qtde Faturada = QTD TOTAL da planilha orçamentária · Valor Unit. Faturado = valor dos serviços ÷ Qtde Faturada.
A53: OCORRÊNCIAS OBSERVADAS EM RELAÇÃO À CONTRATADA – JUSTIFICATIVAS DA AVALIAÇÃO
A60: CIENTE DO DIRETOR DA UNIDADE | F60: CIENTE DO FISCAL DO CONTRATO
A64: DATA: | F64: DATA:

Sheet MAR-28
A1: UNIVERSIDADE FEDERAL DO RIO DE JANEIRO — PRÓ-REITORIA DE GESTÃO E GOVERNANÇA (PR-6)
A2: INSTRUMENTO DE MEDIÇÃO DE RESULTADO | H2: IMR Nº | I2: ='FEV-28'!I2
A3: OBJETO | B3: ='FEV-28'!B3
A4: EMPRESA | B4: ='FEV-28'!B4 | F4: CONTRATO | G4: ='FEV-28'!G4
A5: UNIDADE | B5: ='FEV-28'!B5 | F5: TERMO | G5: ='FEV-28'!G5
A6: MÊS/ANO | B6: =EDATE('FEV-28'!B6,1) | F6: FISCAL
A7: Preencha as células em amarelo. Pontuação, nota e valores são calculados automaticamente.
A8: AVALIAÇÃO DOS SERVIÇOS
A9: Cód. | B9: Indicador | G9: Avaliação correspondente | H9: Pontos | I9: Peso
A10: Módulo A — QUALIDADE DOS SERVIÇOS | I10: Peso 25
A11: A.1 | B11: CONFORMIDADE DOS EQUIPAMENTOS PARA EXECUÇÃO DOS SERVIÇOS | H11: =IFERROR(VLOOKUP(G11,'Parâmetros'!$A$2:$B$4,2,FALSE),0)
A12: A.2 | B12: CONFORMIDADE DOS SERVIÇOS EXECUTADOS COM AS ESPECIFICAÇÕES TÉCNICAS | H12: =IFERROR(VLOOKUP(G12,'Parâmetros'!$A$2:$B$4,2,FALSE),0)
A13: Pontuação total do Módulo A | H13: =SUM(H11:H12)
A14: Módulo B — EQUIPE DE TRABALHO | I14: Peso 25
A15: B.1 | B15: UNIFORMIZAÇÃO E EQUIPAMENTOS DE PROTEÇÃO INDIVIDUAL | H15: =IFERROR(VLOOKUP(G15,'Parâmetros'!$A$2:$B$4,2,FALSE),0)
A16: B.2 | B16: QUALIDADE DA EQUIPE | H16: =IFERROR(VLOOKUP(G16,'Parâmetros'!$A$2:$B$4,2,FALSE),0)
A17: Pontuação total do Módulo B | H17: =SUM(H15:H16)
A18: Módulo C — CUMPRIMENTO DO CRONOGRAMA | I18: Peso 25
A19: C.1 | B19: CUMPRIMENTO DO CRONOGRAMA E DAS ATIVIDADES | H19: =IFERROR(VLOOKUP(G19,'Parâmetros'!$A$2:$B$4,2,FALSE),0)
A20: Pontuação total do Módulo C | H20: =SUM(H19:H19)
A21: TOTAL DE PONTOS | C21: =(H11+H12+H15+H16+H19)/5 | D21: NOTA OBTIDA | F21: =VLOOKUP(C21,'Parâmetros'!$D$2:$F$8,2,TRUE) | G21: % DE LIBERAÇÃO | I21: =VLOOKUP(C21,'Parâmetros'!$D$2:$F$8,3,TRUE)
A23: MÃO DE OBRA COM DEDICAÇÃO EXCLUSIVA
A24: Categoria/Cargo | C24: Postos | D24: Valor Unitário (do posto) | E24: Valor Mensal (postos × unitário) | F24: Horas Contratadas | G24: Qtd. de faltas (em horas) | H24: Valor da Hora | I24: Valor com desconto
A25: ='FEV-28'!A25 | C25: ='FEV-28'!C25 | D25: ='FEV-28'!D25 | E25: =C25*D25 | F25: =C25*'Parâmetros'!$I$2 | H25: =IF(F25=0,0,E25/F25) | I25: =H25*N(G25)
A26: ='FEV-28'!A26 | C26: ='FEV-28'!C26 | D26: ='FEV-28'!D26 | E26: =C26*D26 | F26: =C26*'Parâmetros'!$I$2 | H26: =IF(F26=0,0,E26/F26) | I26: =H26*N(G26)
A27: ='FEV-28'!A27 | C27: ='FEV-28'!C27 | D27: ='FEV-28'!D27 | E27: =C27*D27 | F27: =C27*'Parâmetros'!$I$2 | H27: =IF(F27=0,0,E27/F27) | I27: =H27*N(G27)
A28: ='FEV-28'!A28 | C28: ='FEV-28'!C28 | D28: ='FEV-28'!D28 | E28: =C28*D28 | F28: =C28*'Parâmetros'!$I$2 | H28: =IF(F28=0,0,E28/F28) | I28: =H28*N(G28)
A29: ='FEV-28'!A29 | C29: ='FEV-28'!C29 | D29: ='FEV-28'!D29 | E29: =C29*D29 | F29: =C29*'Parâmetros'!$I$2 | H29: =IF(F29=0,0,E29/F29) | I29: =H29*N(G29)
A30: ='FEV-28'!A30 | C30: ='FEV-28'!C30 | D30: ='FEV-28'!D30 | E30: =C30*D30 | F30: =C30*'Parâmetros'!$I$2 | H30: =IF(F30=0,0,E30/F30) | I30: =H30*N(G30)
A31: TOTAIS | C31: =SUM(C25:C30) | E31: =SUM(E25:E30) | F31: =SUM(F25:F30) | G31: =SUM(G25:G30) | I31: =SUM(I25:I30)
A33: REEMBOLSO DE CRECHE
A34: Qtde contratada | C34: Valor estimado unitário | D34: Valor retido (mensal) | E34: Reembolsos aprovados | F34: Valor por dependente | G34: Total dos reembolsos | H34: Saldo acumulado
A35: =C31 | C35: ='FEV-28'!C35 | D35: =A35*C35 | E35: 0 | F35: ='FEV-28'!F35 | G35: =E35*F35 | H35: ='FEV-28'!H35+D35-G35
A36: Retido = qtde contratada × valor estimado unitário · Total = reembolsos aprovados × valor por dependente · Saldo = saldo do mês anterior + retido − total.
A38: APURAÇÃO DO VALOR A FATURAR
A39: MEDIÇÃO DOS SERVIÇOS | F39: VALOR LIBERADO PARA FATURAMENTO
A40: VALOR UNITÁRIO (planilha orçamentária) | D40: ='FEV-28'!D40 | F40: Valor dos serviços
A41: Dias Trabalhados no mês | D41: 25 | F41: Percentual de liberação (nota obtida) | I41: =I21
A42: Qtde contratada (soma dos postos) | D42: =C31 | F42: Subtotal dos serviços | I42: =I40*I41
A43: Serviço de mão-de-obra (total mensal ÷ 30 × dias) | D43: =E31/'Parâmetros'!$I$3*D41 | F43: Valor do desconto (nota) | I43: =I42-I40
A44: Serviço de engenharia ((qtd × unit.) ÷ 12 − mão-de-obra) | D44: =(G50*D40)/12-D43 | F44: Valor da GLOSA de mão-de-obra (faltas) | I44: =-I31
A45: Valor mensal do contrato (qtd × unit. ÷ 12) | D45: =(G50*D40)/12 | F45: Valor total dos descontos | I45: =I43+I44
F46: Valor Reembolso de creche (não sofre desconto) | I46: =G35
F47: Valor liberado para Faturamento | I47: =I42+I44+I46
A48: 📋 INSTRUMENTO DE COBRANÇA
A49: Item | B49: Descrição | G49: Qtde Faturada | I49: Valor Unit. Faturado (R$)
A50: 1 | B50: ='FEV-28'!B50 | G50: ='FEV-28'!G50 | I50: =IF(OR(I40="",G50=0),"",I40/G50)
A51: Qtde Faturada = QTD TOTAL da planilha orçamentária · Valor Unit. Faturado = valor dos serviços ÷ Qtde Faturada.
A53: OCORRÊNCIAS OBSERVADAS EM RELAÇÃO À CONTRATADA – JUSTIFICATIVAS DA AVALIAÇÃO
A60: CIENTE DO DIRETOR DA UNIDADE | F60: CIENTE DO FISCAL DO CONTRATO
A64: DATA: | F64: DATA:

Sheet ABR-28
A1: UNIVERSIDADE FEDERAL DO RIO DE JANEIRO — PRÓ-REITORIA DE GESTÃO E GOVERNANÇA (PR-6)
A2: INSTRUMENTO DE MEDIÇÃO DE RESULTADO | H2: IMR Nº | I2: ='MAR-28'!I2
A3: OBJETO | B3: ='MAR-28'!B3
A4: EMPRESA | B4: ='MAR-28'!B4 | F4: CONTRATO | G4: ='MAR-28'!G4
A5: UNIDADE | B5: ='MAR-28'!B5 | F5: TERMO | G5: ='MAR-28'!G5
A6: MÊS/ANO | B6: =EDATE('MAR-28'!B6,1) | F6: FISCAL
A7: Preencha as células em amarelo. Pontuação, nota e valores são calculados automaticamente.
A8: AVALIAÇÃO DOS SERVIÇOS
A9: Cód. | B9: Indicador | G9: Avaliação correspondente | H9: Pontos | I9: Peso
A10: Módulo A — QUALIDADE DOS SERVIÇOS | I10: Peso 25
A11: A.1 | B11: CONFORMIDADE DOS EQUIPAMENTOS PARA EXECUÇÃO DOS SERVIÇOS | H11: =IFERROR(VLOOKUP(G11,'Parâmetros'!$A$2:$B$4,2,FALSE),0)
A12: A.2 | B12: CONFORMIDADE DOS SERVIÇOS EXECUTADOS COM AS ESPECIFICAÇÕES TÉCNICAS | H12: =IFERROR(VLOOKUP(G12,'Parâmetros'!$A$2:$B$4,2,FALSE),0)
A13: Pontuação total do Módulo A | H13: =SUM(H11:H12)
A14: Módulo B — EQUIPE DE TRABALHO | I14: Peso 25
A15: B.1 | B15: UNIFORMIZAÇÃO E EQUIPAMENTOS DE PROTEÇÃO INDIVIDUAL | H15: =IFERROR(VLOOKUP(G15,'Parâmetros'!$A$2:$B$4,2,FALSE),0)
A16: B.2 | B16: QUALIDADE DA EQUIPE | H16: =IFERROR(VLOOKUP(G16,'Parâmetros'!$A$2:$B$4,2,FALSE),0)
A17: Pontuação total do Módulo B | H17: =SUM(H15:H16)
A18: Módulo C — CUMPRIMENTO DO CRONOGRAMA | I18: Peso 25
A19: C.1 | B19: CUMPRIMENTO DO CRONOGRAMA E DAS ATIVIDADES | H19: =IFERROR(VLOOKUP(G19,'Parâmetros'!$A$2:$B$4,2,FALSE),0)
A20: Pontuação total do Módulo C | H20: =SUM(H19:H19)
A21: TOTAL DE PONTOS | C21: =(H11+H12+H15+H16+H19)/5 | D21: NOTA OBTIDA | F21: =VLOOKUP(C21,'Parâmetros'!$D$2:$F$8,2,TRUE) | G21: % DE LIBERAÇÃO | I21: =VLOOKUP(C21,'Parâmetros'!$D$2:$F$8,3,TRUE)
A23: MÃO DE OBRA COM DEDICAÇÃO EXCLUSIVA
A24: Categoria/Cargo | C24: Postos | D24: Valor Unitário (do posto) | E24: Valor Mensal (postos × unitário) | F24: Horas Contratadas | G24: Qtd. de faltas (em horas) | H24: Valor da Hora | I24: Valor com desconto
A25: ='MAR-28'!A25 | C25: ='MAR-28'!C25 | D25: ='MAR-28'!D25 | E25: =C25*D25 | F25: =C25*'Parâmetros'!$I$2 | H25: =IF(F25=0,0,E25/F25) | I25: =H25*N(G25)
A26: ='MAR-28'!A26 | C26: ='MAR-28'!C26 | D26: ='MAR-28'!D26 | E26: =C26*D26 | F26: =C26*'Parâmetros'!$I$2 | H26: =IF(F26=0,0,E26/F26) | I26: =H26*N(G26)
A27: ='MAR-28'!A27 | C27: ='MAR-28'!C27 | D27: ='MAR-28'!D27 | E27: =C27*D27 | F27: =C27*'Parâmetros'!$I$2 | H27: =IF(F27=0,0,E27/F27) | I27: =H27*N(G27)
A28: ='MAR-28'!A28 | C28: ='MAR-28'!C28 | D28: ='MAR-28'!D28 | E28: =C28*D28 | F28: =C28*'Parâmetros'!$I$2 | H28: =IF(F28=0,0,E28/F28) | I28: =H28*N(G28)
A29: ='MAR-28'!A29 | C29: ='MAR-28'!C29 | D29: ='MAR-28'!D29 | E29: =C29*D29 | F29: =C29*'Parâmetros'!$I$2 | H29: =IF(F29=0,0,E29/F29) | I29: =H29*N(G29)
A30: ='MAR-28'!A30 | C30: ='MAR-28'!C30 | D30: ='MAR-28'!D30 | E30: =C30*D30 | F30: =C30*'Parâmetros'!$I$2 | H30: =IF(F30=0,0,E30/F30) | I30: =H30*N(G30)
A31: TOTAIS | C31: =SUM(C25:C30) | E31: =SUM(E25:E30) | F31: =SUM(F25:F30) | G31: =SUM(G25:G30) | I31: =SUM(I25:I30)
A33: REEMBOLSO DE CRECHE
A34: Qtde contratada | C34: Valor estimado unitário | D34: Valor retido (mensal) | E34: Reembolsos aprovados | F34: Valor por dependente | G34: Total dos reembolsos | H34: Saldo acumulado
A35: =C31 | C35: ='MAR-28'!C35 | D35: =A35*C35 | E35: 0 | F35: ='MAR-28'!F35 | G35: =E35*F35 | H35: ='MAR-28'!H35+D35-G35
A36: Retido = qtde contratada × valor estimado unitário · Total = reembolsos aprovados × valor por dependente · Saldo = saldo do mês anterior + retido − total.
A38: APURAÇÃO DO VALOR A FATURAR
A39: MEDIÇÃO DOS SERVIÇOS | F39: VALOR LIBERADO PARA FATURAMENTO
A40: VALOR UNITÁRIO (planilha orçamentária) | D40: ='MAR-28'!D40 | F40: Valor dos serviços
A41: Dias Trabalhados no mês | D41: 25 | F41: Percentual de liberação (nota obtida) | I41: =I21
A42: Qtde contratada (soma dos postos) | D42: =C31 | F42: Subtotal dos serviços | I42: =I40*I41
A43: Serviço de mão-de-obra (total mensal ÷ 30 × dias) | D43: =E31/'Parâmetros'!$I$3*D41 | F43: Valor do desconto (nota) | I43: =I42-I40
A44: Serviço de engenharia ((qtd × unit.) ÷ 12 − mão-de-obra) | D44: =(G50*D40)/12-D43 | F44: Valor da GLOSA de mão-de-obra (faltas) | I44: =-I31
A45: Valor mensal do contrato (qtd × unit. ÷ 12) | D45: =(G50*D40)/12 | F45: Valor total dos descontos | I45: =I43+I44
F46: Valor Reembolso de creche (não sofre desconto) | I46: =G35
F47: Valor liberado para Faturamento | I47: =I42+I44+I46
A48: 📋 INSTRUMENTO DE COBRANÇA
A49: Item | B49: Descrição | G49: Qtde Faturada | I49: Valor Unit. Faturado (R$)
A50: 1 | B50: ='MAR-28'!B50 | G50: ='MAR-28'!G50 | I50: =IF(OR(I40="",G50=0),"",I40/G50)
A51: Qtde Faturada = QTD TOTAL da planilha orçamentária · Valor Unit. Faturado = valor dos serviços ÷ Qtde Faturada.
A53: OCORRÊNCIAS OBSERVADAS EM RELAÇÃO À CONTRATADA – JUSTIFICATIVAS DA AVALIAÇÃO
A60: CIENTE DO DIRETOR DA UNIDADE | F60: CIENTE DO FISCAL DO CONTRATO
A64: DATA: | F64: DATA:

Sheet MAI-28
A1: UNIVERSIDADE FEDERAL DO RIO DE JANEIRO — PRÓ-REITORIA DE GESTÃO E GOVERNANÇA (PR-6)
A2: INSTRUMENTO DE MEDIÇÃO DE RESULTADO | H2: IMR Nº | I2: ='ABR-28'!I2
A3: OBJETO | B3: ='ABR-28'!B3
A4: EMPRESA | B4: ='ABR-28'!B4 | F4: CONTRATO | G4: ='ABR-28'!G4
A5: UNIDADE | B5: ='ABR-28'!B5 | F5: TERMO | G5: ='ABR-28'!G5
A6: MÊS/ANO | B6: =EDATE('ABR-28'!B6,1) | F6: FISCAL
A7: Preencha as células em amarelo. Pontuação, nota e valores são calculados automaticamente.
A8: AVALIAÇÃO DOS SERVIÇOS
A9: Cód. | B9: Indicador | G9: Avaliação correspondente | H9: Pontos | I9: Peso
A10: Módulo A — QUALIDADE DOS SERVIÇOS | I10: Peso 25
A11: A.1 | B11: CONFORMIDADE DOS EQUIPAMENTOS PARA EXECUÇÃO DOS SERVIÇOS | H11: =IFERROR(VLOOKUP(G11,'Parâmetros'!$A$2:$B$4,2,FALSE),0)
A12: A.2 | B12: CONFORMIDADE DOS SERVIÇOS EXECUTADOS COM AS ESPECIFICAÇÕES TÉCNICAS | H12: =IFERROR(VLOOKUP(G12,'Parâmetros'!$A$2:$B$4,2,FALSE),0)
A13: Pontuação total do Módulo A | H13: =SUM(H11:H12)
A14: Módulo B — EQUIPE DE TRABALHO | I14: Peso 25
A15: B.1 | B15: UNIFORMIZAÇÃO E EQUIPAMENTOS DE PROTEÇÃO INDIVIDUAL | H15: =IFERROR(VLOOKUP(G15,'Parâmetros'!$A$2:$B$4,2,FALSE),0)
A16: B.2 | B16: QUALIDADE DA EQUIPE | H16: =IFERROR(VLOOKUP(G16,'Parâmetros'!$A$2:$B$4,2,FALSE),0)
A17: Pontuação total do Módulo B | H17: =SUM(H15:H16)
A18: Módulo C — CUMPRIMENTO DO CRONOGRAMA | I18: Peso 25
A19: C.1 | B19: CUMPRIMENTO DO CRONOGRAMA E DAS ATIVIDADES | H19: =IFERROR(VLOOKUP(G19,'Parâmetros'!$A$2:$B$4,2,FALSE),0)
A20: Pontuação total do Módulo C | H20: =SUM(H19:H19)
A21: TOTAL DE PONTOS | C21: =(H11+H12+H15+H16+H19)/5 | D21: NOTA OBTIDA | F21: =VLOOKUP(C21,'Parâmetros'!$D$2:$F$8,2,TRUE) | G21: % DE LIBERAÇÃO | I21: =VLOOKUP(C21,'Parâmetros'!$D$2:$F$8,3,TRUE)
A23: MÃO DE OBRA COM DEDICAÇÃO EXCLUSIVA
A24: Categoria/Cargo | C24: Postos | D24: Valor Unitário (do posto) | E24: Valor Mensal (postos × unitário) | F24: Horas Contratadas | G24: Qtd. de faltas (em horas) | H24: Valor da Hora | I24: Valor com desconto
A25: ='ABR-28'!A25 | C25: ='ABR-28'!C25 | D25: ='ABR-28'!D25 | E25: =C25*D25 | F25: =C25*'Parâmetros'!$I$2 | H25: =IF(F25=0,0,E25/F25) | I25: =H25*N(G25)
A26: ='ABR-28'!A26 | C26: ='ABR-28'!C26 | D26: ='ABR-28'!D26 | E26: =C26*D26 | F26: =C26*'Parâmetros'!$I$2 | H26: =IF(F26=0,0,E26/F26) | I26: =H26*N(G26)
A27: ='ABR-28'!A27 | C27: ='ABR-28'!C27 | D27: ='ABR-28'!D27 | E27: =C27*D27 | F27: =C27*'Parâmetros'!$I$2 | H27: =IF(F27=0,0,E27/F27) | I27: =H27*N(G27)
A28: ='ABR-28'!A28 | C28: ='ABR-28'!C28 | D28: ='ABR-28'!D28 | E28: =C28*D28 | F28: =C28*'Parâmetros'!$I$2 | H28: =IF(F28=0,0,E28/F28) | I28: =H28*N(G28)
A29: ='ABR-28'!A29 | C29: ='ABR-28'!C29 | D29: ='ABR-28'!D29 | E29: =C29*D29 | F29: =C29*'Parâmetros'!$I$2 | H29: =IF(F29=0,0,E29/F29) | I29: =H29*N(G29)
A30: ='ABR-28'!A30 | C30: ='ABR-28'!C30 | D30: ='ABR-28'!D30 | E30: =C30*D30 | F30: =C30*'Parâmetros'!$I$2 | H30: =IF(F30=0,0,E30/F30) | I30: =H30*N(G30)
A31: TOTAIS | C31: =SUM(C25:C30) | E31: =SUM(E25:E30) | F31: =SUM(F25:F30) | G31: =SUM(G25:G30) | I31: =SUM(I25:I30)
A33: REEMBOLSO DE CRECHE
A34: Qtde contratada | C34: Valor estimado unitário | D34: Valor retido (mensal) | E34: Reembolsos aprovados | F34: Valor por dependente | G34: Total dos reembolsos | H34: Saldo acumulado
A35: =C31 | C35: ='ABR-28'!C35 | D35: =A35*C35 | E35: 0 | F35: ='ABR-28'!F35 | G35: =E35*F35 | H35: ='ABR-28'!H35+D35-G35
A36: Retido = qtde contratada × valor estimado unitário · Total = reembolsos aprovados × valor por dependente · Saldo = saldo do mês anterior + retido − total.
A38: APURAÇÃO DO VALOR A FATURAR
A39: MEDIÇÃO DOS SERVIÇOS | F39: VALOR LIBERADO PARA FATURAMENTO
A40: VALOR UNITÁRIO (planilha orçamentária) | D40: ='ABR-28'!D40 | F40: Valor dos serviços
A41: Dias Trabalhados no mês | D41: 25 | F41: Percentual de liberação (nota obtida) | I41: =I21
A42: Qtde contratada (soma dos postos) | D42: =C31 | F42: Subtotal dos serviços | I42: =I40*I41
A43: Serviço de mão-de-obra (total mensal ÷ 30 × dias) | D43: =E31/'Parâmetros'!$I$3*D41 | F43: Valor do desconto (nota) | I43: =I42-I40
A44: Serviço de engenharia ((qtd × unit.) ÷ 12 − mão-de-obra) | D44: =(G50*D40)/12-D43 | F44: Valor da GLOSA de mão-de-obra (faltas) | I44: =-I31
A45: Valor mensal do contrato (qtd × unit. ÷ 12) | D45: =(G50*D40)/12 | F45: Valor total dos descontos | I45: =I43+I44
F46: Valor Reembolso de creche (não sofre desconto) | I46: =G35
F47: Valor liberado para Faturamento | I47: =I42+I44+I46
A48: 📋 INSTRUMENTO DE COBRANÇA
A49: Item | B49: Descrição | G49: Qtde Faturada | I49: Valor Unit. Faturado (R$)
A50: 1 | B50: ='ABR-28'!B50 | G50: ='ABR-28'!G50 | I50: =IF(OR(I40="",G50=0),"",I40/G50)
A51: Qtde Faturada = QTD TOTAL da planilha orçamentária · Valor Unit. Faturado = valor dos serviços ÷ Qtde Faturada.
A53: OCORRÊNCIAS OBSERVADAS EM RELAÇÃO À CONTRATADA – JUSTIFICATIVAS DA AVALIAÇÃO
A60: CIENTE DO DIRETOR DA UNIDADE | F60: CIENTE DO FISCAL DO CONTRATO
A64: DATA: | F64: DATA:

Sheet JUN-28
A1: UNIVERSIDADE FEDERAL DO RIO DE JANEIRO — PRÓ-REITORIA DE GESTÃO E GOVERNANÇA (PR-6)
A2: INSTRUMENTO DE MEDIÇÃO DE RESULTADO | H2: IMR Nº | I2: ='MAI-28'!I2
A3: OBJETO | B3: ='MAI-28'!B3
A4: EMPRESA | B4: ='MAI-28'!B4 | F4: CONTRATO | G4: ='MAI-28'!G4
A5: UNIDADE | B5: ='MAI-28'!B5 | F5: TERMO | G5: ='MAI-28'!G5
A6: MÊS/ANO | B6: =EDATE('MAI-28'!B6,1) | F6: FISCAL
A7: Preencha as células em amarelo. Pontuação, nota e valores são calculados automaticamente.
A8: AVALIAÇÃO DOS SERVIÇOS
A9: Cód. | B9: Indicador | G9: Avaliação correspondente | H9: Pontos | I9: Peso
A10: Módulo A — QUALIDADE DOS SERVIÇOS | I10: Peso 25
A11: A.1 | B11: CONFORMIDADE DOS EQUIPAMENTOS PARA EXECUÇÃO DOS SERVIÇOS | H11: =IFERROR(VLOOKUP(G11,'Parâmetros'!$A$2:$B$4,2,FALSE),0)
A12: A.2 | B12: CONFORMIDADE DOS SERVIÇOS EXECUTADOS COM AS ESPECIFICAÇÕES TÉCNICAS | H12: =IFERROR(VLOOKUP(G12,'Parâmetros'!$A$2:$B$4,2,FALSE),0)
A13: Pontuação total do Módulo A | H13: =SUM(H11:H12)
A14: Módulo B — EQUIPE DE TRABALHO | I14: Peso 25
A15: B.1 | B15: UNIFORMIZAÇÃO E EQUIPAMENTOS DE PROTEÇÃO INDIVIDUAL | H15: =IFERROR(VLOOKUP(G15,'Parâmetros'!$A$2:$B$4,2,FALSE),0)
A16: B.2 | B16: QUALIDADE DA EQUIPE | H16: =IFERROR(VLOOKUP(G16,'Parâmetros'!$A$2:$B$4,2,FALSE),0)
A17: Pontuação total do Módulo B | H17: =SUM(H15:H16)
A18: Módulo C — CUMPRIMENTO DO CRONOGRAMA | I18: Peso 25
A19: C.1 | B19: CUMPRIMENTO DO CRONOGRAMA E DAS ATIVIDADES | H19: =IFERROR(VLOOKUP(G19,'Parâmetros'!$A$2:$B$4,2,FALSE),0)
A20: Pontuação total do Módulo C | H20: =SUM(H19:H19)
A21: TOTAL DE PONTOS | C21: =(H11+H12+H15+H16+H19)/5 | D21: NOTA OBTIDA | F21: =VLOOKUP(C21,'Parâmetros'!$D$2:$F$8,2,TRUE) | G21: % DE LIBERAÇÃO | I21: =VLOOKUP(C21,'Parâmetros'!$D$2:$F$8,3,TRUE)
A23: MÃO DE OBRA COM DEDICAÇÃO EXCLUSIVA
A24: Categoria/Cargo | C24: Postos | D24: Valor Unitário (do posto) | E24: Valor Mensal (postos × unitário) | F24: Horas Contratadas | G24: Qtd. de faltas (em horas) | H24: Valor da Hora | I24: Valor com desconto
A25: ='MAI-28'!A25 | C25: ='MAI-28'!C25 | D25: ='MAI-28'!D25 | E25: =C25*D25 | F25: =C25*'Parâmetros'!$I$2 | H25: =IF(F25=0,0,E25/F25) | I25: =H25*N(G25)
A26: ='MAI-28'!A26 | C26: ='MAI-28'!C26 | D26: ='MAI-28'!D26 | E26: =C26*D26 | F26: =C26*'Parâmetros'!$I$2 | H26: =IF(F26=0,0,E26/F26) | I26: =H26*N(G26)
A27: ='MAI-28'!A27 | C27: ='MAI-28'!C27 | D27: ='MAI-28'!D27 | E27: =C27*D27 | F27: =C27*'Parâmetros'!$I$2 | H27: =IF(F27=0,0,E27/F27) | I27: =H27*N(G27)
A28: ='MAI-28'!A28 | C28: ='MAI-28'!C28 | D28: ='MAI-28'!D28 | E28: =C28*D28 | F28: =C28*'Parâmetros'!$I$2 | H28: =IF(F28=0,0,E28/F28) | I28: =H28*N(G28)
A29: ='MAI-28'!A29 | C29: ='MAI-28'!C29 | D29: ='MAI-28'!D29 | E29: =C29*D29 | F29: =C29*'Parâmetros'!$I$2 | H29: =IF(F29=0,0,E29/F29) | I29: =H29*N(G29)
A30: ='MAI-28'!A30 | C30: ='MAI-28'!C30 | D30: ='MAI-28'!D30 | E30: =C30*D30 | F30: =C30*'Parâmetros'!$I$2 | H30: =IF(F30=0,0,E30/F30) | I30: =H30*N(G30)
A31: TOTAIS | C31: =SUM(C25:C30) | E31: =SUM(E25:E30) | F31: =SUM(F25:F30) | G31: =SUM(G25:G30) | I31: =SUM(I25:I30)
A33: REEMBOLSO DE CRECHE
A34: Qtde contratada | C34: Valor estimado unitário | D34: Valor retido (mensal) | E34: Reembolsos aprovados | F34: Valor por dependente | G34: Total dos reembolsos | H34: Saldo acumulado
A35: =C31 | C35: ='MAI-28'!C35 | D35: =A35*C35 | E35: 0 | F35: ='MAI-28'!F35 | G35: =E35*F35 | H35: ='MAI-28'!H35+D35-G35
A36: Retido = qtde contratada × valor estimado unitário · Total = reembolsos aprovados × valor por dependente · Saldo = saldo do mês anterior + retido − total.
A38: APURAÇÃO DO VALOR A FATURAR
A39: MEDIÇÃO DOS SERVIÇOS | F39: VALOR LIBERADO PARA FATURAMENTO
A40: VALOR UNITÁRIO (planilha orçamentária) | D40: ='MAI-28'!D40 | F40: Valor dos serviços
A41: Dias Trabalhados no mês | D41: 25 | F41: Percentual de liberação (nota obtida) | I41: =I21
A42: Qtde contratada (soma dos postos) | D42: =C31 | F42: Subtotal dos serviços | I42: =I40*I41
A43: Serviço de mão-de-obra (total mensal ÷ 30 × dias) | D43: =E31/'Parâmetros'!$I$3*D41 | F43: Valor do desconto (nota) | I43: =I42-I40
A44: Serviço de engenharia ((qtd × unit.) ÷ 12 − mão-de-obra) | D44: =(G50*D40)/12-D43 | F44: Valor da GLOSA de mão-de-obra (faltas) | I44: =-I31
A45: Valor mensal do contrato (qtd × unit. ÷ 12) | D45: =(G50*D40)/12 | F45: Valor total dos descontos | I45: =I43+I44
F46: Valor Reembolso de creche (não sofre desconto) | I46: =G35
F47: Valor liberado para Faturamento | I47: =I42+I44+I46
A48: 📋 INSTRUMENTO DE COBRANÇA
A49: Item | B49: Descrição | G49: Qtde Faturada | I49: Valor Unit. Faturado (R$)
A50: 1 | B50: ='MAI-28'!B50 | G50: ='MAI-28'!G50 | I50: =IF(OR(I40="",G50=0),"",I40/G50)
A51: Qtde Faturada = QTD TOTAL da planilha orçamentária · Valor Unit. Faturado = valor dos serviços ÷ Qtde Faturada.
A53: OCORRÊNCIAS OBSERVADAS EM RELAÇÃO À CONTRATADA – JUSTIFICATIVAS DA AVALIAÇÃO
A60: CIENTE DO DIRETOR DA UNIDADE | F60: CIENTE DO FISCAL DO CONTRATO
A64: DATA: | F64: DATA:

Sheet JUL-28
A1: UNIVERSIDADE FEDERAL DO RIO DE JANEIRO — PRÓ-REITORIA DE GESTÃO E GOVERNANÇA (PR-6)
A2: INSTRUMENTO DE MEDIÇÃO DE RESULTADO | H2: IMR Nº | I2: ='JUN-28'!I2
A3: OBJETO | B3: ='JUN-28'!B3
A4: EMPRESA | B4: ='JUN-28'!B4 | F4: CONTRATO | G4: ='JUN-28'!G4
A5: UNIDADE | B5: ='JUN-28'!B5 | F5: TERMO | G5: ='JUN-28'!G5
A6: MÊS/ANO | B6: =EDATE('JUN-28'!B6,1) | F6: FISCAL
A7: Preencha as células em amarelo. Pontuação, nota e valores são calculados automaticamente.
A8: AVALIAÇÃO DOS SERVIÇOS
A9: Cód. | B9: Indicador | G9: Avaliação correspondente | H9: Pontos | I9: Peso
A10: Módulo A — QUALIDADE DOS SERVIÇOS | I10: Peso 25
A11: A.1 | B11: CONFORMIDADE DOS EQUIPAMENTOS PARA EXECUÇÃO DOS SERVIÇOS | H11: =IFERROR(VLOOKUP(G11,'Parâmetros'!$A$2:$B$4,2,FALSE),0)
A12: A.2 | B12: CONFORMIDADE DOS SERVIÇOS EXECUTADOS COM AS ESPECIFICAÇÕES TÉCNICAS | H12: =IFERROR(VLOOKUP(G12,'Parâmetros'!$A$2:$B$4,2,FALSE),0)
A13: Pontuação total do Módulo A | H13: =SUM(H11:H12)
A14: Módulo B — EQUIPE DE TRABALHO | I14: Peso 25
A15: B.1 | B15: UNIFORMIZAÇÃO E EQUIPAMENTOS DE PROTEÇÃO INDIVIDUAL | H15: =IFERROR(VLOOKUP(G15,'Parâmetros'!$A$2:$B$4,2,FALSE),0)
A16: B.2 | B16: QUALIDADE DA EQUIPE | H16: =IFERROR(VLOOKUP(G16,'Parâmetros'!$A$2:$B$4,2,FALSE),0)
A17: Pontuação total do Módulo B | H17: =SUM(H15:H16)
A18: Módulo C — CUMPRIMENTO DO CRONOGRAMA | I18: Peso 25
A19: C.1 | B19: CUMPRIMENTO DO CRONOGRAMA E DAS ATIVIDADES | H19: =IFERROR(VLOOKUP(G19,'Parâmetros'!$A$2:$B$4,2,FALSE),0)
A20: Pontuação total do Módulo C | H20: =SUM(H19:H19)
A21: TOTAL DE PONTOS | C21: =(H11+H12+H15+H16+H19)/5 | D21: NOTA OBTIDA | F21: =VLOOKUP(C21,'Parâmetros'!$D$2:$F$8,2,TRUE) | G21: % DE LIBERAÇÃO | I21: =VLOOKUP(C21,'Parâmetros'!$D$2:$F$8,3,TRUE)
A23: MÃO DE OBRA COM DEDICAÇÃO EXCLUSIVA
A24: Categoria/Cargo | C24: Postos | D24: Valor Unitário (do posto) | E24: Valor Mensal (postos × unitário) | F24: Horas Contratadas | G24: Qtd. de faltas (em horas) | H24: Valor da Hora | I24: Valor com desconto
A25: ='JUN-28'!A25 | C25: ='JUN-28'!C25 | D25: ='JUN-28'!D25 | E25: =C25*D25 | F25: =C25*'Parâmetros'!$I$2 | H25: =IF(F25=0,0,E25/F25) | I25: =H25*N(G25)
A26: ='JUN-28'!A26 | C26: ='JUN-28'!C26 | D26: ='JUN-28'!D26 | E26: =C26*D26 | F26: =C26*'Parâmetros'!$I$2 | H26: =IF(F26=0,0,E26/F26) | I26: =H26*N(G26)
A27: ='JUN-28'!A27 | C27: ='JUN-28'!C27 | D27: ='JUN-28'!D27 | E27: =C27*D27 | F27: =C27*'Parâmetros'!$I$2 | H27: =IF(F27=0,0,E27/F27) | I27: =H27*N(G27)
A28: ='JUN-28'!A28 | C28: ='JUN-28'!C28 | D28: ='JUN-28'!D28 | E28: =C28*D28 | F28: =C28*'Parâmetros'!$I$2 | H28: =IF(F28=0,0,E28/F28) | I28: =H28*N(G28)
A29: ='JUN-28'!A29 | C29: ='JUN-28'!C29 | D29: ='JUN-28'!D29 | E29: =C29*D29 | F29: =C29*'Parâmetros'!$I$2 | H29: =IF(F29=0,0,E29/F29) | I29: =H29*N(G29)
A30: ='JUN-28'!A30 | C30: ='JUN-28'!C30 | D30: ='JUN-28'!D30 | E30: =C30*D30 | F30: =C30*'Parâmetros'!$I$2 | H30: =IF(F30=0,0,E30/F30) | I30: =H30*N(G30)
A31: TOTAIS | C31: =SUM(C25:C30) | E31: =SUM(E25:E30) | F31: =SUM(F25:F30) | G31: =SUM(G25:G30) | I31: =SUM(I25:I30)
A33: REEMBOLSO DE CRECHE
A34: Qtde contratada | C34: Valor estimado unitário | D34: Valor retido (mensal) | E34: Reembolsos aprovados | F34: Valor por dependente | G34: Total dos reembolsos | H34: Saldo acumulado
A35: =C31 | C35: ='JUN-28'!C35 | D35: =A35*C35 | E35: 0 | F35: ='JUN-28'!F35 | G35: =E35*F35 | H35: ='JUN-28'!H35+D35-G35
A36: Retido = qtde contratada × valor estimado unitário · Total = reembolsos aprovados × valor por dependente · Saldo = saldo do mês anterior + retido − total.
A38: APURAÇÃO DO VALOR A FATURAR
A39: MEDIÇÃO DOS SERVIÇOS | F39: VALOR LIBERADO PARA FATURAMENTO
A40: VALOR UNITÁRIO (planilha orçamentária) | D40: ='JUN-28'!D40 | F40: Valor dos serviços
A41: Dias Trabalhados no mês | D41: 25 | F41: Percentual de liberação (nota obtida) | I41: =I21
A42: Qtde contratada (soma dos postos) | D42: =C31 | F42: Subtotal dos serviços | I42: =I40*I41
A43: Serviço de mão-de-obra (total mensal ÷ 30 × dias) | D43: =E31/'Parâmetros'!$I$3*D41 | F43: Valor do desconto (nota) | I43: =I42-I40
A44: Serviço de engenharia ((qtd × unit.) ÷ 12 − mão-de-obra) | D44: =(G50*D40)/12-D43 | F44: Valor da GLOSA de mão-de-obra (faltas) | I44: =-I31
A45: Valor mensal do contrato (qtd × unit. ÷ 12) | D45: =(G50*D40)/12 | F45: Valor total dos descontos | I45: =I43+I44
F46: Valor Reembolso de creche (não sofre desconto) | I46: =G35
F47: Valor liberado para Faturamento | I47: =I42+I44+I46
A48: 📋 INSTRUMENTO DE COBRANÇA
A49: Item | B49: Descrição | G49: Qtde Faturada | I49: Valor Unit. Faturado (R$)
A50: 1 | B50: ='JUN-28'!B50 | G50: ='JUN-28'!G50 | I50: =IF(OR(I40="",G50=0),"",I40/G50)
A51: Qtde Faturada = QTD TOTAL da planilha orçamentária · Valor Unit. Faturado = valor dos serviços ÷ Qtde Faturada.
A53: OCORRÊNCIAS OBSERVADAS EM RELAÇÃO À CONTRATADA – JUSTIFICATIVAS DA AVALIAÇÃO
A60: CIENTE DO DIRETOR DA UNIDADE | F60: CIENTE DO FISCAL DO CONTRATO
A64: DATA: | F64: DATA:

Sheet AGO-28
A1: UNIVERSIDADE FEDERAL DO RIO DE JANEIRO — PRÓ-REITORIA DE GESTÃO E GOVERNANÇA (PR-6)
A2: INSTRUMENTO DE MEDIÇÃO DE RESULTADO | H2: IMR Nº | I2: ='JUL-28'!I2
A3: OBJETO | B3: ='JUL-28'!B3
A4: EMPRESA | B4: ='JUL-28'!B4 | F4: CONTRATO | G4: ='JUL-28'!G4
A5: UNIDADE | B5: ='JUL-28'!B5 | F5: TERMO | G5: ='JUL-28'!G5
A6: MÊS/ANO | B6: =EDATE('JUL-28'!B6,1) | F6: FISCAL
A7: Preencha as células em amarelo. Pontuação, nota e valores são calculados automaticamente.
A8: AVALIAÇÃO DOS SERVIÇOS
A9: Cód. | B9: Indicador | G9: Avaliação correspondente | H9: Pontos | I9: Peso
A10: Módulo A — QUALIDADE DOS SERVIÇOS | I10: Peso 25
A11: A.1 | B11: CONFORMIDADE DOS EQUIPAMENTOS PARA EXECUÇÃO DOS SERVIÇOS | H11: =IFERROR(VLOOKUP(G11,'Parâmetros'!$A$2:$B$4,2,FALSE),0)
A12: A.2 | B12: CONFORMIDADE DOS SERVIÇOS EXECUTADOS COM AS ESPECIFICAÇÕES TÉCNICAS | H12: =IFERROR(VLOOKUP(G12,'Parâmetros'!$A$2:$B$4,2,FALSE),0)
A13: Pontuação total do Módulo A | H13: =SUM(H11:H12)
A14: Módulo B — EQUIPE DE TRABALHO | I14: Peso 25
A15: B.1 | B15: UNIFORMIZAÇÃO E EQUIPAMENTOS DE PROTEÇÃO INDIVIDUAL | H15: =IFERROR(VLOOKUP(G15,'Parâmetros'!$A$2:$B$4,2,FALSE),0)
A16: B.2 | B16: QUALIDADE DA EQUIPE | H16: =IFERROR(VLOOKUP(G16,'Parâmetros'!$A$2:$B$4,2,FALSE),0)
A17: Pontuação total do Módulo B | H17: =SUM(H15:H16)
A18: Módulo C — CUMPRIMENTO DO CRONOGRAMA | I18: Peso 25
A19: C.1 | B19: CUMPRIMENTO DO CRONOGRAMA E DAS ATIVIDADES | H19: =IFERROR(VLOOKUP(G19,'Parâmetros'!$A$2:$B$4,2,FALSE),0)
A20: Pontuação total do Módulo C | H20: =SUM(H19:H19)
A21: TOTAL DE PONTOS | C21: =(H11+H12+H15+H16+H19)/5 | D21: NOTA OBTIDA | F21: =VLOOKUP(C21,'Parâmetros'!$D$2:$F$8,2,TRUE) | G21: % DE LIBERAÇÃO | I21: =VLOOKUP(C21,'Parâmetros'!$D$2:$F$8,3,TRUE)
A23: MÃO DE OBRA COM DEDICAÇÃO EXCLUSIVA
A24: Categoria/Cargo | C24: Postos | D24: Valor Unitário (do posto) | E24: Valor Mensal (postos × unitário) | F24: Horas Contratadas | G24: Qtd. de faltas (em horas) | H24: Valor da Hora | I24: Valor com desconto
A25: ='JUL-28'!A25 | C25: ='JUL-28'!C25 | D25: ='JUL-28'!D25 | E25: =C25*D25 | F25: =C25*'Parâmetros'!$I$2 | H25: =IF(F25=0,0,E25/F25) | I25: =H25*N(G25)
A26: ='JUL-28'!A26 | C26: ='JUL-28'!C26 | D26: ='JUL-28'!D26 | E26: =C26*D26 | F26: =C26*'Parâmetros'!$I$2 | H26: =IF(F26=0,0,E26/F26) | I26: =H26*N(G26)
A27: ='JUL-28'!A27 | C27: ='JUL-28'!C27 | D27: ='JUL-28'!D27 | E27: =C27*D27 | F27: =C27*'Parâmetros'!$I$2 | H27: =IF(F27=0,0,E27/F27) | I27: =H27*N(G27)
A28: ='JUL-28'!A28 | C28: ='JUL-28'!C28 | D28: ='JUL-28'!D28 | E28: =C28*D28 | F28: =C28*'Parâmetros'!$I$2 | H28: =IF(F28=0,0,E28/F28) | I28: =H28*N(G28)
A29: ='JUL-28'!A29 | C29: ='JUL-28'!C29 | D29: ='JUL-28'!D29 | E29: =C29*D29 | F29: =C29*'Parâmetros'!$I$2 | H29: =IF(F29=0,0,E29/F29) | I29: =H29*N(G29)
A30: ='JUL-28'!A30 | C30: ='JUL-28'!C30 | D30: ='JUL-28'!D30 | E30: =C30*D30 | F30: =C30*'Parâmetros'!$I$2 | H30: =IF(F30=0,0,E30/F30) | I30: =H30*N(G30)
A31: TOTAIS | C31: =SUM(C25:C30) | E31: =SUM(E25:E30) | F31: =SUM(F25:F30) | G31: =SUM(G25:G30) | I31: =SUM(I25:I30)
A33: REEMBOLSO DE CRECHE
A34: Qtde contratada | C34: Valor estimado unitário | D34: Valor retido (mensal) | E34: Reembolsos aprovados | F34: Valor por dependente | G34: Total dos reembolsos | H34: Saldo acumulado
A35: =C31 | C35: ='JUL-28'!C35 | D35: =A35*C35 | E35: 0 | F35: ='JUL-28'!F35 | G35: =E35*F35 | H35: ='JUL-28'!H35+D35-G35
A36: Retido = qtde contratada × valor estimado unitário · Total = reembolsos aprovados × valor por dependente · Saldo = saldo do mês anterior + retido − total.
A38: APURAÇÃO DO VALOR A FATURAR
A39: MEDIÇÃO DOS SERVIÇOS | F39: VALOR LIBERADO PARA FATURAMENTO
A40: VALOR UNITÁRIO (planilha orçamentária) | D40: ='JUL-28'!D40 | F40: Valor dos serviços
A41: Dias Trabalhados no mês | D41: 25 | F41: Percentual de liberação (nota obtida) | I41: =I21
A42: Qtde contratada (soma dos postos) | D42: =C31 | F42: Subtotal dos serviços | I42: =I40*I41
A43: Serviço de mão-de-obra (total mensal ÷ 30 × dias) | D43: =E31/'Parâmetros'!$I$3*D41 | F43: Valor do desconto (nota) | I43: =I42-I40
A44: Serviço de engenharia ((qtd × unit.) ÷ 12 − mão-de-obra) | D44: =(G50*D40)/12-D43 | F44: Valor da GLOSA de mão-de-obra (faltas) | I44: =-I31
A45: Valor mensal do contrato (qtd × unit. ÷ 12) | D45: =(G50*D40)/12 | F45: Valor total dos descontos | I45: =I43+I44
F46: Valor Reembolso de creche (não sofre desconto) | I46: =G35
F47: Valor liberado para Faturamento | I47: =I42+I44+I46
A48: 📋 INSTRUMENTO DE COBRANÇA
A49: Item | B49: Descrição | G49: Qtde Faturada | I49: Valor Unit. Faturado (R$)
A50: 1 | B50: ='JUL-28'!B50 | G50: ='JUL-28'!G50 | I50: =IF(OR(I40="",G50=0),"",I40/G50)
A51: Qtde Faturada = QTD TOTAL da planilha orçamentária · Valor Unit. Faturado = valor dos serviços ÷ Qtde Faturada.
A53: OCORRÊNCIAS OBSERVADAS EM RELAÇÃO À CONTRATADA – JUSTIFICATIVAS DA AVALIAÇÃO
A60: CIENTE DO DIRETOR DA UNIDADE | F60: CIENTE DO FISCAL DO CONTRATO
A64: DATA: | F64: DATA:

Sheet SET-28
A1: UNIVERSIDADE FEDERAL DO RIO DE JANEIRO — PRÓ-REITORIA DE GESTÃO E GOVERNANÇA (PR-6)
A2: INSTRUMENTO DE MEDIÇÃO DE RESULTADO | H2: IMR Nº | I2: ='AGO-28'!I2
A3: OBJETO | B3: ='AGO-28'!B3
A4: EMPRESA | B4: ='AGO-28'!B4 | F4: CONTRATO | G4: ='AGO-28'!G4
A5: UNIDADE | B5: ='AGO-28'!B5 | F5: TERMO | G5: ='AGO-28'!G5
A6: MÊS/ANO | B6: =EDATE('AGO-28'!B6,1) | F6: FISCAL
A7: Preencha as células em amarelo. Pontuação, nota e valores são calculados automaticamente.
A8: AVALIAÇÃO DOS SERVIÇOS
A9: Cód. | B9: Indicador | G9: Avaliação correspondente | H9: Pontos | I9: Peso
A10: Módulo A — QUALIDADE DOS SERVIÇOS | I10: Peso 25
A11: A.1 | B11: CONFORMIDADE DOS EQUIPAMENTOS PARA EXECUÇÃO DOS SERVIÇOS | H11: =IFERROR(VLOOKUP(G11,'Parâmetros'!$A$2:$B$4,2,FALSE),0)
A12: A.2 | B12: CONFORMIDADE DOS SERVIÇOS EXECUTADOS COM AS ESPECIFICAÇÕES TÉCNICAS | H12: =IFERROR(VLOOKUP(G12,'Parâmetros'!$A$2:$B$4,2,FALSE),0)
A13: Pontuação total do Módulo A | H13: =SUM(H11:H12)
A14: Módulo B — EQUIPE DE TRABALHO | I14: Peso 25
A15: B.1 | B15: UNIFORMIZAÇÃO E EQUIPAMENTOS DE PROTEÇÃO INDIVIDUAL | H15: =IFERROR(VLOOKUP(G15,'Parâmetros'!$A$2:$B$4,2,FALSE),0)
A16: B.2 | B16: QUALIDADE DA EQUIPE | H16: =IFERROR(VLOOKUP(G16,'Parâmetros'!$A$2:$B$4,2,FALSE),0)
A17: Pontuação total do Módulo B | H17: =SUM(H15:H16)
A18: Módulo C — CUMPRIMENTO DO CRONOGRAMA | I18: Peso 25
A19: C.1 | B19: CUMPRIMENTO DO CRONOGRAMA E DAS ATIVIDADES | H19: =IFERROR(VLOOKUP(G19,'Parâmetros'!$A$2:$B$4,2,FALSE),0)
A20: Pontuação total do Módulo C | H20: =SUM(H19:H19)
A21: TOTAL DE PONTOS | C21: =(H11+H12+H15+H16+H19)/5 | D21: NOTA OBTIDA | F21: =VLOOKUP(C21,'Parâmetros'!$D$2:$F$8,2,TRUE) | G21: % DE LIBERAÇÃO | I21: =VLOOKUP(C21,'Parâmetros'!$D$2:$F$8,3,TRUE)
A23: MÃO DE OBRA COM DEDICAÇÃO EXCLUSIVA
A24: Categoria/Cargo | C24: Postos | D24: Valor Unitário (do posto) | E24: Valor Mensal (postos × unitário) | F24: Horas Contratadas | G24: Qtd. de faltas (em horas) | H24: Valor da Hora | I24: Valor com desconto
A25: ='AGO-28'!A25 | C25: ='AGO-28'!C25 | D25: ='AGO-28'!D25 | E25: =C25*D25 | F25: =C25*'Parâmetros'!$I$2 | H25: =IF(F25=0,0,E25/F25) | I25: =H25*N(G25)
A26: ='AGO-28'!A26 | C26: ='AGO-28'!C26 | D26: ='AGO-28'!D26 | E26: =C26*D26 | F26: =C26*'Parâmetros'!$I$2 | H26: =IF(F26=0,0,E26/F26) | I26: =H26*N(G26)
A27: ='AGO-28'!A27 | C27: ='AGO-28'!C27 | D27: ='AGO-28'!D27 | E27: =C27*D27 | F27: =C27*'Parâmetros'!$I$2 | H27: =IF(F27=0,0,E27/F27) | I27: =H27*N(G27)
A28: ='AGO-28'!A28 | C28: ='AGO-28'!C28 | D28: ='AGO-28'!D28 | E28: =C28*D28 | F28: =C28*'Parâmetros'!$I$2 | H28: =IF(F28=0,0,E28/F28) | I28: =H28*N(G28)
A29: ='AGO-28'!A29 | C29: ='AGO-28'!C29 | D29: ='AGO-28'!D29 | E29: =C29*D29 | F29: =C29*'Parâmetros'!$I$2 | H29: =IF(F29=0,0,E29/F29) | I29: =H29*N(G29)
A30: ='AGO-28'!A30 | C30: ='AGO-28'!C30 | D30: ='AGO-28'!D30 | E30: =C30*D30 | F30: =C30*'Parâmetros'!$I$2 | H30: =IF(F30=0,0,E30/F30) | I30: =H30*N(G30)
A31: TOTAIS | C31: =SUM(C25:C30) | E31: =SUM(E25:E30) | F31: =SUM(F25:F30) | G31: =SUM(G25:G30) | I31: =SUM(I25:I30)
A33: REEMBOLSO DE CRECHE
A34: Qtde contratada | C34: Valor estimado unitário | D34: Valor retido (mensal) | E34: Reembolsos aprovados | F34: Valor por dependente | G34: Total dos reembolsos | H34: Saldo acumulado
A35: =C31 | C35: ='AGO-28'!C35 | D35: =A35*C35 | E35: 0 | F35: ='AGO-28'!F35 | G35: =E35*F35 | H35: ='AGO-28'!H35+D35-G35
A36: Retido = qtde contratada × valor estimado unitário · Total = reembolsos aprovados × valor por dependente · Saldo = saldo do mês anterior + retido − total.
A38: APURAÇÃO DO VALOR A FATURAR
A39: MEDIÇÃO DOS SERVIÇOS | F39: VALOR LIBERADO PARA FATURAMENTO
A40: VALOR UNITÁRIO (planilha orçamentária) | D40: ='AGO-28'!D40 | F40: Valor dos serviços
A41: Dias Trabalhados no mês | D41: 25 | F41: Percentual de liberação (nota obtida) | I41: =I21
A42: Qtde contratada (soma dos postos) | D42: =C31 | F42: Subtotal dos serviços | I42: =I40*I41
A43: Serviço de mão-de-obra (total mensal ÷ 30 × dias) | D43: =E31/'Parâmetros'!$I$3*D41 | F43: Valor do desconto (nota) | I43: =I42-I40
A44: Serviço de engenharia ((qtd × unit.) ÷ 12 − mão-de-obra) | D44: =(G50*D40)/12-D43 | F44: Valor da GLOSA de mão-de-obra (faltas) | I44: =-I31
A45: Valor mensal do contrato (qtd × unit. ÷ 12) | D45: =(G50*D40)/12 | F45: Valor total dos descontos | I45: =I43+I44
F46: Valor Reembolso de creche (não sofre desconto) | I46: =G35
F47: Valor liberado para Faturamento | I47: =I42+I44+I46
A48: 📋 INSTRUMENTO DE COBRANÇA
A49: Item | B49: Descrição | G49: Qtde Faturada | I49: Valor Unit. Faturado (R$)
A50: 1 | B50: ='AGO-28'!B50 | G50: ='AGO-28'!G50 | I50: =IF(OR(I40="",G50=0),"",I40/G50)
A51: Qtde Faturada = QTD TOTAL da planilha orçamentária · Valor Unit. Faturado = valor dos serviços ÷ Qtde Faturada.
A53: OCORRÊNCIAS OBSERVADAS EM RELAÇÃO À CONTRATADA – JUSTIFICATIVAS DA AVALIAÇÃO
A60: CIENTE DO DIRETOR DA UNIDADE | F60: CIENTE DO FISCAL DO CONTRATO
A64: DATA: | F64: DATA:

Sheet Resumo
A1: RESUMO DOS 24 PERÍODOS — IMR RODOCON 04/2023 — PREFEITURA UNIVERSITÁRIA
A2: Período | B2: Total de pontos | C2: Nota | D2: % liberação | E2: Valor dos serviços | F2: Desconto (nota) | G2: Glosa (faltas) | H2: Reembolso creche | I2: Valor liberado
A3: ='OUT-26'!B6 | B3: ='OUT-26'!C21 | C3: ='OUT-26'!F21 | D3: ='OUT-26'!I21 | E3: ='OUT-26'!I40 | F3: ='OUT-26'!I43 | G3: ='OUT-26'!I44 | H3: ='OUT-26'!I46 | I3: ='OUT-26'!I47
A4: ='NOV-26'!B6 | B4: ='NOV-26'!C21 | C4: ='NOV-26'!F21 | D4: ='NOV-26'!I21 | E4: ='NOV-26'!I40 | F4: ='NOV-26'!I43 | G4: ='NOV-26'!I44 | H4: ='NOV-26'!I46 | I4: ='NOV-26'!I47
A5: ='DEZ-26'!B6 | B5: ='DEZ-26'!C21 | C5: ='DEZ-26'!F21 | D5: ='DEZ-26'!I21 | E5: ='DEZ-26'!I40 | F5: ='DEZ-26'!I43 | G5: ='DEZ-26'!I44 | H5: ='DEZ-26'!I46 | I5: ='DEZ-26'!I47
A6: ='JAN-27'!B6 | B6: ='JAN-27'!C21 | C6: ='JAN-27'!F21 | D6: ='JAN-27'!I21 | E6: ='JAN-27'!I40 | F6: ='JAN-27'!I43 | G6: ='JAN-27'!I44 | H6: ='JAN-27'!I46 | I6: ='JAN-27'!I47
A7: ='FEV-27'!B6 | B7: ='FEV-27'!C21 | C7: ='FEV-27'!F21 | D7: ='FEV-27'!I21 | E7: ='FEV-27'!I40 | F7: ='FEV-27'!I43 | G7: ='FEV-27'!I44 | H7: ='FEV-27'!I46 | I7: ='FEV-27'!I47
A8: ='MAR-27'!B6 | B8: ='MAR-27'!C21 | C8: ='MAR-27'!F21 | D8: ='MAR-27'!I21 | E8: ='MAR-27'!I40 | F8: ='MAR-27'!I43 | G8: ='MAR-27'!I44 | H8: ='MAR-27'!I46 | I8: ='MAR-27'!I47
A9: ='ABR-27'!B6 | B9: ='ABR-27'!C21 | C9: ='ABR-27'!F21 | D9: ='ABR-27'!I21 | E9: ='ABR-27'!I40 | F9: ='ABR-27'!I43 | G9: ='ABR-27'!I44 | H9: ='ABR-27'!I46 | I9: ='ABR-27'!I47
A10: ='MAI-27'!B6 | B10: ='MAI-27'!C21 | C10: ='MAI-27'!F21 | D10: ='MAI-27'!I21 | E10: ='MAI-27'!I40 | F10: ='MAI-27'!I43 | G10: ='MAI-27'!I44 | H10: ='MAI-27'!I46 | I10: ='MAI-27'!I47
A11: ='JUN-27'!B6 | B11: ='JUN-27'!C21 | C11: ='JUN-27'!F21 | D11: ='JUN-27'!I21 | E11: ='JUN-27'!I40 | F11: ='JUN-27'!I43 | G11: ='JUN-27'!I44 | H11: ='JUN-27'!I46 | I11: ='JUN-27'!I47
A12: ='JUL-27'!B6 | B12: ='JUL-27'!C21 | C12: ='JUL-27'!F21 | D12: ='JUL-27'!I21 | E12: ='JUL-27'!I40 | F12: ='JUL-27'!I43 | G12: ='JUL-27'!I44 | H12: ='JUL-27'!I46 | I12: ='JUL-27'!I47
A13: ='AGO-27'!B6 | B13: ='AGO-27'!C21 | C13: ='AGO-27'!F21 | D13: ='AGO-27'!I21 | E13: ='AGO-27'!I40 | F13: ='AGO-27'!I43 | G13: ='AGO-27'!I44 | H13: ='AGO-27'!I46 | I13: ='AGO-27'!I47
A14: ='SET-27'!B6 | B14: ='SET-27'!C21 | C14: ='SET-27'!F21 | D14: ='SET-27'!I21 | E14: ='SET-27'!I40 | F14: ='SET-27'!I43 | G14: ='SET-27'!I44 | H14: ='SET-27'!I46 | I14: ='SET-27'!I47
A15: ='OUT-27'!B6 | B15: ='OUT-27'!C21 | C15: ='OUT-27'!F21 | D15: ='OUT-27'!I21 | E15: ='OUT-27'!I40 | F15: ='OUT-27'!I43 | G15: ='OUT-27'!I44 | H15: ='OUT-27'!I46 | I15: ='OUT-27'!I47
A16: ='NOV-27'!B6 | B16: ='NOV-27'!C21 | C16: ='NOV-27'!F21 | D16: ='NOV-27'!I21 | E16: ='NOV-27'!I40 | F16: ='NOV-27'!I43 | G16: ='NOV-27'!I44 | H16: ='NOV-27'!I46 | I16: ='NOV-27'!I47
A17: ='DEZ-27'!B6 | B17: ='DEZ-27'!C21 | C17: ='DEZ-27'!F21 | D17: ='DEZ-27'!I21 | E17: ='DEZ-27'!I40 | F17: ='DEZ-27'!I43 | G17: ='DEZ-27'!I44 | H17: ='DEZ-27'!I46 | I17: ='DEZ-27'!I47
A18: ='JAN-28'!B6 | B18: ='JAN-28'!C21 | C18: ='JAN-28'!F21 | D18: ='JAN-28'!I21 | E18: ='JAN-28'!I40 | F18: ='JAN-28'!I43 | G18: ='JAN-28'!I44 | H18: ='JAN-28'!I46 | I18: ='JAN-28'!I47
A19: ='FEV-28'!B6 | B19: ='FEV-28'!C21 | C19: ='FEV-28'!F21 | D19: ='FEV-28'!I21 | E19: ='FEV-28'!I40 | F19: ='FEV-28'!I43 | G19: ='FEV-28'!I44 | H19: ='FEV-28'!I46 | I19: ='FEV-28'!I47
A20: ='MAR-28'!B6 | B20: ='MAR-28'!C21 | C20: ='MAR-28'!F21 | D20: ='MAR-28'!I21 | E20: ='MAR-28'!I40 | F20: ='MAR-28'!I43 | G20: ='MAR-28'!I44 | H20: ='MAR-28'!I46 | I20: ='MAR-28'!I47
A21: ='ABR-28'!B6 | B21: ='ABR-28'!C21 | C21: ='ABR-28'!F21 | D21: ='ABR-28'!I21 | E21: ='ABR-28'!I40 | F21: ='ABR-28'!I43 | G21: ='ABR-28'!I44 | H21: ='ABR-28'!I46 | I21: ='ABR-28'!I47
A22: ='MAI-28'!B6 | B22: ='MAI-28'!C21 | C22: ='MAI-28'!F21 | D22: ='MAI-28'!I21 | E22: ='MAI-28'!I40 | F22: ='MAI-28'!I43 | G22: ='MAI-28'!I44 | H22: ='MAI-28'!I46 | I22: ='MAI-28'!I47
A23: ='JUN-28'!B6 | B23: ='JUN-28'!C21 | C23: ='JUN-28'!F21 | D23: ='JUN-28'!I21 | E23: ='JUN-28'!I40 | F23: ='JUN-28'!I43 | G23: ='JUN-28'!I44 | H23: ='JUN-28'!I46 | I23: ='JUN-28'!I47
A24: ='JUL-28'!B6 | B24: ='JUL-28'!C21 | C24: ='JUL-28'!F21 | D24: ='JUL-28'!I21 | E24: ='JUL-28'!I40 | F24: ='JUL-28'!I43 | G24: ='JUL-28'!I44 | H24: ='JUL-28'!I46 | I24: ='JUL-28'!I47
A25: ='AGO-28'!B6 | B25: ='AGO-28'!C21 | C25: ='AGO-28'!F21 | D25: ='AGO-28'!I21 | E25: ='AGO-28'!I40 | F25: ='AGO-28'!I43 | G25: ='AGO-28'!I44 | H25: ='AGO-28'!I46 | I25: ='AGO-28'!I47
A26: ='SET-28'!B6 | B26: ='SET-28'!C21 | C26: ='SET-28'!F21 | D26: ='SET-28'!I21 | E26: ='SET-28'!I40 | F26: ='SET-28'!I43 | G26: ='SET-28'!I44 | H26: ='SET-28'!I46 | I26: ='SET-28'!I47
A27: TOTAL | E27: =SUM(E3:E26) | F27: =SUM(F3:F26) | G27: =SUM(G3:G26) | H27: =SUM(H3:H26) | I27: =SUM(I3:I26)

Sheet Parâmetros
A1: Avaliação | B1: Pontos | D1: Pontos (mínimo) | E1: Nota | F1: % de liberação | H1: Parâmetro | I1: Valor
A2: Bom | B2: 100 | D2: 0 | E2: G | F2: 0.8 | H2: Horas contratadas por posto/mês | I2: 200
A3: Regular | B3: 80 | D3: 50 | E3: F | F3: 0.83 | H3: Dias-base do mês | I3: 30
A4: Ruim | B4: 30 | D4: 60 | E4: E | F4: 0.86 | H4: QTD TOTAL (planilha orçamentária) | I4: 10152713
D5: 70 | E5: D | F5: 0.89 | H5: VALOR UNITÁRIO (planilha orçamentária) | I5: 0.69657774
D6: 78 | E6: C | F6: 0.92 | H6: Reembolso-creche por dependente | I6: 526.64
A7: Tabela de notas conforme o IMR do contrato 04/2023. Alterar aqui muda o cálculo de todas as abas. | D7: 84 | E7: B | F7: 0.95 | H7: Creche: estimado unitário por colaborador | I7: 129.29
D8: 92 | E8: A | F8: 1
